Road Code,Road Name,Start Time,End Time,Length of Operation (minutes),Total Number of Vehicles,Number of Class 1 Vehicles,Number of Class 2 Vehicles,Number of Class 3 Vehicles,Number of Class 4 Vehicles,Number of Class 5 Vehicles,Average Speed,Estimated Number,Number of Illegal Speed Violations,Number of Illegal Distance Violations,Number of Illegal Overtaking Violations
164601,چالوس - کرج (چالوس - دوآب),1398/12/01 00:00:00,1398/12/02 00:00:00,1440.0,3579,2868,133,538,20,20,56.0,3579.0,4.0,601.0,45.0
164601,چالوس - کرج (چالوس - دوآب),1398/12/02 00:00:00,1398/12/03 00:00:00,1440.0,3854,3743,31,50,9,21,58.0,3854.0,10.0,828.0,31.0
164601,چالوس - کرج (چالوس - دوآب),1398/12/03 00:00:00,1398/12/04 00:00:00,1440.0,4053,3030,203,788,9,23,57.0,4053.0,7.0,833.0,31.0
164601,چالوس - کرج (چالوس - دوآب),1398/12/04 00:00:00,1398/12/05 00:00:00,1440.0,4229,3169,223,799,11,27,57.0,4229.0,10.0,928.0,45.0
164601,چالوس - کرج (چالوس - دوآب),1398/12/05 00:00:00,1398/12/06 00:00:00,1440.0,4303,3149,243,870,19,22,57.0,4303.0,9.0,973.0,41.0
164601,چالوس - کرج (چالوس - دوآب),1398/12/06 00:00:00,1398/12/07 00:00:00,1440.0,3708,2610,228,834,18,18,56.0,3708.0,7.0,752.0,33.0
164601,چالوس - کرج (چالوس - دوآب),1398/12/07 00:00:00,1398/12/08 00:00:00,1440.0,1785,1252,101,425,4,3,54.0,1785.0,1.0,170.0,16.0
164601,چالوس - کرج (چالوس - دوآب),1398/12/08 00:00:00,1398/12/09 00:00:00,1440.0,2402,1879,120,394,7,2,58.0,2402.0,8.0,284.0,29.0
164601,چالوس - کرج (چالوس - دوآب),1398/12/09 00:00:00,1398/12/10 00:00:00,1440.0,3030,2909,47,62,3,9,58.0,3030.0,16.0,589.0,17.0
164601,چالوس - کرج (چالوس - دوآب),1398/12/10 00:00:00,1398/12/11 00:00:00,1440.0,4311,3178,242,845,17,29,58.0,4311.0,2.0,965.0,39.0
164601,چالوس - کرج (چالوس - دوآب),1398/12/11 00:00:00,1398/12/12 00:00:00,1440.0,4033,2964,254,784,12,19,56.0,4033.0,4.0,875.0,31.0
164601,چالوس - کرج (چالوس - دوآب),1398/12/12 00:00:00,1398/12/13 00:00:00,1440.0,2839,2010,169,638,10,12,54.0,2839.0,1.0,418.0,28.0
164601,چالوس - کرج (چالوس - دوآب),1398/12/13 00:00:00,1398/12/14 00:00:00,1440.0,3116,2281,141,673,7,14,54.0,3116.0,2.0,464.0,31.0
164601,چالوس - کرج (چالوس - دوآب),1398/12/14 00:00:00,1398/12/15 00:00:00,1440.0,3781,2876,194,681,9,21,56.0,3781.0,4.0,768.0,24.0
164601,چالوس - کرج (چالوس - دوآب),1398/12/15 00:00:00,1398/12/16 00:00:00,1440.0,3955,3200,177,553,9,16,58.0,3955.0,6.0,839.0,47.0
164601,چالوس - کرج (چالوس - دوآب),1398/12/16 00:00:00,1398/12/17 00:00:00,1440.0,3191,3070,52,61,7,1,58.0,3191.0,9.0,622.0,43.0
164601,چالوس - کرج (چالوس - دوآب),1398/12/17 00:00:00,1398/12/18 00:00:00,1440.0,5775,4622,278,839,20,16,57.0,5775.0,16.0,1653.0,43.0
164601,چالوس - کرج (چالوس - دوآب),1398/12/18 00:00:00,1398/12/19 00:00:00,1440.0,7164,6617,118,386,25,18,58.0,7164.0,18.0,2363.0,49.0
164601,چالوس - کرج (چالوس - دوآب),1398/12/19 00:00:00,1398/12/20 00:00:00,1440.0,7161,6032,218,873,15,23,57.0,7161.0,18.0,2268.0,61.0
164601,چالوس - کرج (چالوس - دوآب),1398/12/20 00:00:00,1398/12/21 00:00:00,1440.0,6667,5591,215,828,13,20,57.0,6667.0,22.0,2092.0,51.0
164601,چالوس - کرج (چالوس - دوآب),1398/12/21 00:00:00,1398/12/22 00:00:00,1440.0,6420,5395,189,795,24,17,58.0,6420.0,25.0,1872.0,62.0
164601,چالوس - کرج (چالوس - دوآب),1398/12/22 00:00:00,1398/12/23 00:00:00,1440.0,6548,5861,163,488,17,19,57.0,6548.0,16.0,2065.0,50.0
164601,چالوس - کرج (چالوس - دوآب),1398/12/23 00:00:00,1398/12/24 00:00:00,1440.0,5653,5431,84,115,10,13,57.0,5653.0,24.0,1585.0,56.0
164601,چالوس - کرج (چالوس - دوآب),1398/12/24 00:00:00,1398/12/25 00:00:00,1440.0,6469,5566,168,697,15,23,58.0,6469.0,13.0,2009.0,52.0
164601,چالوس - کرج (چالوس - دوآب),1398/12/25 00:00:00,1398/12/26 00:00:00,1440.0,6483,5702,180,569,12,20,57.0,6483.0,15.0,1982.0,68.0
164601,چالوس - کرج (چالوس - دوآب),1398/12/26 00:00:00,1398/12/27 00:00:00,1440.0,6175,5581,137,431,10,16,54.0,6175.0,13.0,1855.0,52.0
164601,چالوس - کرج (چالوس - دوآب),1398/12/27 00:00:00,1398/12/28 00:00:00,1440.0,5472,5079,101,261,13,18,52.0,5472.0,3.0,1419.0,38.0
164601,چالوس - کرج (چالوس - دوآب),1398/12/28 00:00:00,1398/12/29 00:00:00,1440.0,5659,5432,68,132,8,19,53.0,5659.0,6.0,1436.0,50.0
164601,چالوس - کرج (چالوس - دوآب),1398/12/29 00:00:00,1399/01/01 00:00:00,1440.0,5346,5219,42,58,4,23,58.0,5346.0,10.0,1433.0,55.0
164601,چالوس - کرج (چالوس - دوآب),1400/01/01 00:00:00,1400/01/02 00:00:00,1415.0,3710,3648,35,11,5,11,60.0,3838.0,47.0,359.0,0.0
164601,چالوس - کرج (چالوس - دوآب),1400/01/02 00:00:00,1400/01/03 00:00:00,1380.0,4452,4374,45,12,5,16,60.0,4466.0,50.0,479.0,0.0
164601,چالوس - کرج (چالوس - دوآب),1400/01/03 00:00:00,1400/01/04 00:00:00,1440.0,5736,5656,53,11,7,9,57.0,5736.0,52.0,607.0,0.0
164601,چالوس - کرج (چالوس - دوآب),1400/01/04 00:00:00,1400/01/05 00:00:00,935.0,3796,3721,43,20,2,10,57.0,5053.0,27.0,445.0,0.0
164601,چالوس - کرج (چالوس - دوآب),1400/01/05 00:00:00,1400/01/06 00:00:00,1155.0,6055,5989,42,7,4,13,55.0,6942.0,24.0,527.0,0.0
164601,چالوس - کرج (چالوس - دوآب),1400/01/06 00:00:00,1400/01/07 00:00:00,1440.0,6914,6815,62,24,7,6,53.0,6914.0,43.0,811.0,0.0
164601,چالوس - کرج (چالوس - دوآب),1400/01/07 00:00:00,1400/01/08 00:00:00,1440.0,6619,6514,61,27,6,11,57.0,6619.0,32.0,575.0,0.0
164601,چالوس - کرج (چالوس - دوآب),1400/01/08 00:00:00,1400/01/09 00:00:00,1440.0,5602,5433,109,43,6,11,57.0,5602.0,36.0,528.0,0.0
164601,چالوس - کرج (چالوس - دوآب),1400/01/09 00:00:00,1400/01/10 00:00:00,1285.0,5722,5593,67,42,3,17,56.0,6492.0,35.0,598.0,0.0
164601,چالوس - کرج (چالوس - دوآب),1400/01/10 00:00:00,1400/01/11 00:00:00,1440.0,6706,6535,108,43,8,12,56.0,6706.0,43.0,696.0,0.0
164601,چالوس - کرج (چالوس - دوآب),1400/01/11 00:00:00,1400/01/11 23:55:00,1435.0,6739,6545,122,52,5,15,57.0,6748.0,25.0,722.0,0.0
164601,چالوس - کرج (چالوس - دوآب),1400/01/12 00:00:00,1400/01/13 00:00:00,1440.0,7758,7652,66,24,7,9,58.0,7758.0,37.0,987.0,0.0
164601,چالوس - کرج (چالوس - دوآب),1400/01/13 00:00:00,1400/01/14 00:00:00,1440.0,7434,7371,35,13,8,7,53.0,7434.0,29.0,894.0,0.0
164601,چالوس - کرج (چالوس - دوآب),1400/01/14 00:00:00,1400/01/15 00:00:00,1440.0,5264,4916,274,57,5,12,59.0,5264.0,42.0,567.0,0.0
164601,چالوس - کرج (چالوس - دوآب),1400/01/15 00:00:00,1400/01/16 00:00:00,1405.0,4762,4329,316,100,4,13,60.0,4983.0,56.0,491.0,0.0
164601,چالوس - کرج (چالوس - دوآب),1400/01/16 00:00:00,1400/01/17 00:00:00,1440.0,4437,3951,355,109,9,13,59.0,4437.0,53.0,457.0,0.0
164601,چالوس - کرج (چالوس - دوآب),1400/01/17 00:00:00,1400/01/18 00:00:00,1405.0,4102,3681,318,84,2,17,61.0,4246.0,50.0,398.0,0.0
164601,چالوس - کرج (چالوس - دوآب),1400/01/18 00:00:00,1400/01/19 00:00:00,1405.0,4316,3791,438,66,7,14,59.0,4492.0,57.0,423.0,0.0
164601,چالوس - کرج (چالوس - دوآب),1400/01/19 00:00:00,1400/01/20 00:00:00,1430.0,5598,5148,340,89,8,13,60.0,5651.0,53.0,680.0,0.0
164601,چالوس - کرج (چالوس - دوآب),1400/01/20 00:00:00,1400/01/21 00:00:00,1435.0,5397,5279,57,42,3,16,60.0,5404.0,47.0,594.0,0.0
164601,چالوس - کرج (چالوس - دوآب),1400/01/21 00:00:00,1400/01/22 00:00:00,1400.0,3973,3310,531,111,3,18,60.0,4101.0,37.0,344.0,0.0
164601,چالوس - کرج (چالوس - دوآب),1400/01/22 00:00:00,1400/01/23 00:00:00,1440.0,4275,3519,604,130,8,14,57.0,4275.0,49.0,567.0,0.0
164601,چالوس - کرج (چالوس - دوآب),1400/01/23 00:00:00,1400/01/24 00:00:00,1435.0,4476,3719,622,117,9,9,58.0,4479.0,44.0,524.0,0.0
164601,چالوس - کرج (چالوس - دوآب),1400/01/24 00:00:00,1400/01/25 00:00:00,1440.0,4303,3589,600,95,3,16,59.0,4303.0,54.0,413.0,0.0
164601,چالوس - کرج (چالوس - دوآب),1400/01/25 00:00:00,1400/01/26 00:00:00,1440.0,4327,3563,619,124,3,18,59.0,4327.0,53.0,465.0,0.0
164601,چالوس - کرج (چالوس - دوآب),1400/01/26 00:00:00,1400/01/27 00:00:00,1435.0,5304,4759,439,87,6,13,59.0,5325.0,46.0,637.0,0.0
164601,چالوس - کرج (چالوس - دوآب),1400/01/27 00:00:00,1400/01/28 00:00:00,1440.0,4771,4659,58,40,2,12,58.0,4771.0,42.0,488.0,0.0
164601,چالوس - کرج (چالوس - دوآب),1400/01/28 00:00:00,1400/01/29 00:00:00,1440.0,4271,3540,598,114,3,16,59.0,4271.0,51.0,474.0,0.0
164601,چالوس - کرج (چالوس - دوآب),1400/01/29 00:00:00,1400/01/30 00:00:00,1440.0,4285,3531,598,137,5,14,59.0,4285.0,49.0,447.0,0.0
164601,چالوس - کرج (چالوس - دوآب),1400/01/30 00:00:00,1400/01/31 00:00:00,1440.0,4540,3742,645,138,2,13,60.0,4540.0,61.0,492.0,0.0
164601,چالوس - کرج (چالوس - دوآب),1400/01/31 00:00:00,1400/02/01 00:00:00,1435.0,4489,3668,625,169,8,19,60.0,4512.0,43.0,486.0,0.0
164601,چالوس - کرج (چالوس - دوآب),1400/12/01 22:20:00,1400/12/02 00:00:00,100.0,63,51,9,3,0,0,62.0,2909.0,0.0,1.0,0.0
164601,چالوس - کرج (چالوس - دوآب),1400/12/02 00:00:00,1400/12/03 00:00:00,1385.0,2871,1728,920,157,37,29,63.0,2956.0,32.0,370.0,19.0
164601,چالوس - کرج (چالوس - دوآب),1400/12/03 00:00:00,1400/12/04 00:00:00,1440.0,3474,1711,1239,295,69,160,70.0,3474.0,145.0,711.0,19.0
164601,چالوس - کرج (چالوس - دوآب),1400/12/04 00:00:00,1400/12/05 00:00:00,1440.0,3614,2449,1000,114,20,31,61.0,3614.0,31.0,486.0,17.0
164601,چالوس - کرج (چالوس - دوآب),1400/12/05 00:00:00,1400/12/06 00:00:00,1435.0,4283,3171,875,158,45,34,64.0,4306.0,50.0,655.0,34.0
164601,چالوس - کرج (چالوس - دوآب),1400/12/06 00:00:00,1400/12/07 00:00:00,1440.0,4407,3522,695,134,35,21,64.0,4407.0,46.0,755.0,23.0
164601,چالوس - کرج (چالوس - دوآب),1400/12/07 00:00:00,1400/12/08 00:00:00,1440.0,3961,2844,964,112,13,28,62.0,3961.0,12.0,459.0,18.0
164601,چالوس - کرج (چالوس - دوآب),1400/12/08 00:00:00,1400/12/09 00:00:00,1260.0,3061,1672,1056,237,20,76,64.0,3728.0,35.0,675.0,23.0
164601,چالوس - کرج (چالوس - دوآب),1400/12/09 00:00:00,1400/12/10 00:00:00,1430.0,3575,2706,837,13,13,6,56.0,3618.0,0.0,248.0,24.0
164601,چالوس - کرج (چالوس - دوآب),1400/12/10 00:00:00,1400/12/11 00:00:00,1440.0,3934,3168,729,19,15,3,56.0,3934.0,0.0,279.0,32.0
164601,چالوس - کرج (چالوس - دوآب),1400/12/11 00:00:00,1400/12/12 00:00:00,1405.0,3846,2977,826,24,10,9,56.0,4009.0,0.0,278.0,15.0
164601,چالوس - کرج (چالوس - دوآب),1400/12/12 00:00:00,1400/12/13 00:00:00,1440.0,4692,4028,627,18,15,4,56.0,4692.0,0.0,386.0,37.0
164601,چالوس - کرج (چالوس - دوآب),1400/12/13 00:00:00,1400/12/14 00:00:00,1235.0,4633,4522,94,7,10,0,55.0,5780.0,0.0,295.0,43.0
164601,چالوس - کرج (چالوس - دوآب),1400/12/14 00:00:00,1400/12/15 00:00:00,1405.0,3969,3000,932,23,9,5,56.0,4091.0,0.0,308.0,32.0
164601,چالوس - کرج (چالوس - دوآب),1400/12/15 00:00:00,1400/12/16 00:00:00,1355.0,3595,2674,883,24,11,3,56.0,3724.0,0.0,264.0,19.0
164601,چالوس - کرج (چالوس - دوآب),1400/12/16 00:00:00,1400/12/17 00:00:00,1430.0,2999,2277,683,21,13,5,53.0,3034.0,0.0,140.0,22.0
164601,چالوس - کرج (چالوس - دوآب),1400/12/17 00:00:00,1400/12/18 00:00:00,1440.0,3703,2913,769,11,9,1,52.0,3703.0,0.0,253.0,23.0
164601,چالوس - کرج (چالوس - دوآب),1400/12/18 00:00:00,1400/12/19 00:00:00,1435.0,3874,3094,764,5,8,3,52.0,3896.0,0.0,283.0,26.0
164601,چالوس - کرج (چالوس - دوآب),1400/12/19 00:00:00,1400/12/20 00:00:00,1440.0,3635,3038,574,11,9,3,51.0,3635.0,1.0,164.0,23.0
164601,چالوس - کرج (چالوس - دوآب),1400/12/20 00:00:00,1400/12/21 00:00:00,1440.0,4797,4695,86,5,10,1,49.0,4797.0,0.0,169.0,24.0
164601,چالوس - کرج (چالوس - دوآب),1400/12/21 00:00:00,1400/12/22 00:00:00,1430.0,3743,2971,750,3,11,8,52.0,3774.0,0.0,213.0,24.0
164601,چالوس - کرج (چالوس - دوآب),1400/12/22 00:00:00,1400/12/23 00:00:00,1440.0,2571,1847,720,1,0,3,52.0,2571.0,0.0,96.0,19.0
164601,چالوس - کرج (چالوس - دوآب),1400/12/23 00:00:00,1400/12/24 00:00:00,1425.0,2486,1900,581,2,1,2,49.0,2511.0,0.0,65.0,23.0
164601,چالوس - کرج (چالوس - دوآب),1400/12/24 00:00:00,1400/12/25 00:00:00,1440.0,2646,2018,619,4,0,5,50.0,2646.0,0.0,103.0,31.0
164601,چالوس - کرج (چالوس - دوآب),1400/12/25 00:00:00,1400/12/26 00:00:00,1440.0,2752,2226,520,1,0,5,48.0,2752.0,0.0,74.0,18.0
164601,چالوس - کرج (چالوس - دوآب),1400/12/26 00:00:00,1400/12/27 00:00:00,1435.0,3097,2773,322,2,0,0,52.0,3102.0,0.0,157.0,19.0
164601,چالوس - کرج (چالوس - دوآب),1400/12/27 00:00:00,1400/12/28 00:00:00,1440.0,3118,3030,83,4,1,0,54.0,3118.0,0.0,192.0,28.0
164601,چالوس - کرج (چالوس - دوآب),1400/12/28 00:00:00,1400/12/29 00:00:00,1435.0,3073,2935,137,0,0,1,53.0,3080.0,0.0,137.0,14.0
164601,چالوس - کرج (چالوس - دوآب),1400/12/29 00:00:00,1400/12/29 23:05:00,1385.0,2638,2623,13,2,0,0,53.0,2693.0,0.0,119.0,20.0
164601,چالوس - کرج (چالوس - دوآب),1401/12/01 00:00:00,1401/12/02 00:00:00,1435.0,3193,2425,741,16,1,10,53.0,3196.0,4.0,212.0,23.0
164601,چالوس - کرج (چالوس - دوآب),1401/12/02 00:00:00,1401/12/03 00:00:00,1435.0,3030,2344,675,7,1,3,52.0,3049.0,2.0,179.0,19.0
164601,چالوس - کرج (چالوس - دوآب),1401/12/03 00:00:00,1401/12/04 00:00:00,1440.0,3124,2351,754,13,0,6,54.0,3124.0,4.0,191.0,15.0
164601,چالوس - کرج (چالوس - دوآب),1401/12/04 00:00:00,1401/12/05 00:00:00,1440.0,3684,3184,498,2,0,0,51.0,3684.0,1.0,199.0,29.0
164601,چالوس - کرج (چالوس - دوآب),1401/12/05 00:00:00,1401/12/06 00:00:00,1375.0,2514,2480,30,3,1,0,48.0,2628.0,0.0,51.0,20.0
164601,چالوس - کرج (چالوس - دوآب),1401/12/06 00:00:00,1401/12/07 00:00:00,1370.0,3151,2434,713,2,0,2,51.0,3239.0,0.0,180.0,21.0
164601,چالوس - کرج (چالوس - دوآب),1401/12/07 00:00:00,1401/12/08 00:00:00,1435.0,3267,2417,841,3,1,5,51.0,3284.0,0.0,203.0,22.0
164601,چالوس - کرج (چالوس - دوآب),1401/12/08 00:00:00,1401/12/09 00:00:00,1300.0,2809,2115,685,6,0,3,52.0,3203.0,0.0,162.0,20.0
164601,چالوس - کرج (چالوس - دوآب),1401/12/09 00:00:00,1401/12/10 00:00:00,1435.0,3127,2386,717,19,0,5,54.0,3144.0,10.0,184.0,11.0
164601,چالوس - کرج (چالوس - دوآب),1401/12/10 00:00:00,1401/12/11 00:00:00,1410.0,3206,2365,819,17,0,5,53.0,3281.0,1.0,196.0,24.0
164601,چالوس - کرج (چالوس - دوآب),1401/12/11 00:00:00,1401/12/12 00:00:00,1440.0,3511,2973,534,3,1,0,52.0,3511.0,0.0,229.0,19.0
164601,چالوس - کرج (چالوس - دوآب),1401/12/12 00:00:00,1401/12/13 00:00:00,1440.0,3651,3558,85,7,0,1,51.0,3651.0,0.0,172.0,27.0
164601,چالوس - کرج (چالوس - دوآب),1401/12/13 00:00:00,1401/12/14 00:00:00,1440.0,3508,2644,843,12,1,8,51.0,3508.0,3.0,216.0,16.0
164601,چالوس - کرج (چالوس - دوآب),1401/12/14 00:00:00,1401/12/15 00:00:00,1440.0,3606,2636,938,25,1,6,54.0,3606.0,4.0,252.0,31.0
164601,چالوس - کرج (چالوس - دوآب),1401/12/15 00:00:00,1401/12/16 00:00:00,1400.0,3471,2551,908,9,0,3,52.0,3543.0,1.0,226.0,25.0
164601,چالوس - کرج (چالوس - دوآب),1401/12/16 00:00:00,1401/12/17 00:00:00,1420.0,3185,2422,730,25,0,8,52.0,3244.0,13.0,195.0,21.0
164601,چالوس - کرج (چالوس - دوآب),1401/12/17 00:00:00,1401/12/18 00:00:00,1400.0,2912,2609,292,9,0,2,51.0,3006.0,0.0,156.0,14.0
164601,چالوس - کرج (چالوس - دوآب),1401/12/18 00:00:00,1401/12/19 00:00:00,1440.0,3461,3009,444,8,0,0,51.0,3461.0,1.0,198.0,22.0
164601,چالوس - کرج (چالوس - دوآب),1401/12/19 00:00:00,1401/12/20 00:00:00,1440.0,3840,3760,74,4,0,2,49.0,3840.0,0.0,225.0,19.0
164601,چالوس - کرج (چالوس - دوآب),1401/12/20 00:00:00,1401/12/21 00:00:00,1440.0,3751,2734,999,12,1,5,53.0,3751.0,1.0,244.0,29.0
164601,چالوس - کرج (چالوس - دوآب),1401/12/21 00:00:00,1401/12/22 00:00:00,1360.0,3347,2539,793,13,1,1,50.0,3661.0,1.0,223.0,18.0
164601,چالوس - کرج (چالوس - دوآب),1401/12/22 00:00:00,1401/12/23 00:00:00,1395.0,3584,2687,866,22,0,9,55.0,3653.0,4.0,239.0,30.0
164601,چالوس - کرج (چالوس - دوآب),1401/12/23 00:00:00,1401/12/24 00:00:00,1405.0,3432,2606,814,9,0,3,47.0,3487.0,1.0,261.0,20.0
164601,چالوس - کرج (چالوس - دوآب),1401/12/24 00:00:00,1401/12/25 00:00:00,1435.0,3416,2454,944,14,1,3,50.0,3434.0,0.0,176.0,13.0
164601,چالوس - کرج (چالوس - دوآب),1401/12/25 00:00:00,1401/12/26 00:00:00,1440.0,3295,2884,398,11,0,2,49.0,3295.0,0.0,212.0,12.0
164601,چالوس - کرج (چالوس - دوآب),1401/12/26 00:00:00,1401/12/27 00:00:00,1440.0,2993,2885,103,3,0,2,53.0,2993.0,0.0,177.0,16.0
164601,چالوس - کرج (چالوس - دوآب),1401/12/27 00:00:00,1401/12/28 00:00:00,1405.0,2900,2674,218,7,0,1,52.0,2978.0,1.0,177.0,14.0
164601,چالوس - کرج (چالوس - دوآب),1401/12/28 00:00:00,1401/12/29 00:00:00,1225.0,2673,2548,120,3,1,1,51.0,2799.0,0.0,139.0,12.0
164601,چالوس - کرج (چالوس - دوآب),1401/12/29 00:00:00,1402/01/01 00:00:00,1400.0,3453,3410,39,3,0,1,51.0,3609.0,0.0,242.0,17.0
164601,چالوس - کرج (چالوس - دوآب),1402/01/01 00:00:00,1402/01/02 00:00:00,1435.0,3738,3720,15,0,2,1,49.0,3763.0,0.0,163.0,21.0
164601,چالوس - کرج (چالوس - دوآب),1402/01/02 01:05:00,1402/01/03 00:00:00,1370.0,4138,4111,23,2,1,1,47.0,4296.0,0.0,134.0,32.0
164601,چالوس - کرج (چالوس - دوآب),1402/01/03 00:00:00,1402/01/04 00:00:00,1435.0,5997,5967,24,4,0,2,48.0,6006.0,1.0,326.0,44.0
164601,چالوس - کرج (چالوس - دوآب),1402/01/04 00:00:00,1402/01/05 00:00:00,1435.0,5761,5741,17,2,0,1,50.0,5768.0,4.0,325.0,33.0
164601,چالوس - کرج (چالوس - دوآب),1402/01/05 00:00:00,1402/01/06 00:00:00,1440.0,5583,5540,39,2,0,2,50.0,5583.0,1.0,332.0,31.0
164601,چالوس - کرج (چالوس - دوآب),1402/01/06 00:00:00,1402/01/07 00:00:00,1420.0,5060,5003,51,6,0,0,50.0,5103.0,0.0,252.0,43.0
164601,چالوس - کرج (چالوس - دوآب),1402/01/07 00:00:00,1402/01/08 00:00:00,1415.0,4815,4744,61,7,3,0,50.0,4883.0,1.0,297.0,25.0
164601,چالوس - کرج (چالوس - دوآب),1402/01/08 00:00:00,1402/01/09 00:00:00,1440.0,4848,4770,75,3,0,0,48.0,4848.0,0.0,262.0,39.0
164601,چالوس - کرج (چالوس - دوآب),1402/01/09 00:00:00,1402/01/10 00:00:00,1435.0,5486,5393,86,7,0,0,48.0,5508.0,1.0,321.0,41.0
164601,چالوس - کرج (چالوس - دوآب),1402/01/10 00:00:00,1402/01/11 00:00:00,1405.0,6601,6512,74,14,0,1,48.0,6756.0,3.0,443.0,53.0
164601,چالوس - کرج (چالوس - دوآب),1402/01/11 00:00:00,1402/01/12 00:00:00,825.0,2603,2565,31,7,0,0,43.0,5281.0,0.0,172.0,14.0
164601,چالوس - کرج (چالوس - دوآب),1402/01/12 00:00:00,1402/01/13 00:00:00,1400.0,4527,4493,31,3,0,0,48.0,4655.0,0.0,182.0,24.0
164601,چالوس - کرج (چالوس - دوآب),1402/01/13 00:00:00,1402/01/14 00:00:00,1400.0,7123,7096,18,7,0,2,45.0,7395.0,1.0,436.0,59.0
164601,چالوس - کرج (چالوس - دوآب),1402/01/14 00:00:00,1402/01/15 00:00:00,1435.0,4454,4214,234,6,0,0,51.0,4478.0,0.0,250.0,21.0
164601,چالوس - کرج (چالوس - دوآب),1402/01/15 00:00:00,1402/01/16 00:00:00,1440.0,4072,3561,489,20,1,1,53.0,4072.0,0.0,239.0,28.0
164601,چالوس - کرج (چالوس - دوآب),1402/01/16 00:00:00,1402/01/17 00:00:00,1385.0,3657,3104,538,13,0,2,52.0,3828.0,0.0,233.0,26.0
164601,چالوس - کرج (چالوس - دوآب),1402/01/17 00:00:00,1402/01/18 00:00:00,1440.0,4327,4007,309,10,0,1,50.0,4327.0,1.0,284.0,33.0
164601,چالوس - کرج (چالوس - دوآب),1402/01/18 00:00:00,1402/01/19 00:00:00,1420.0,4624,4545,65,14,0,0,51.0,4676.0,0.0,291.0,42.0
164601,چالوس - کرج (چالوس - دوآب),1402/01/19 00:00:00,1402/01/20 00:00:00,1370.0,3578,2824,740,11,1,2,52.0,3696.0,0.0,252.0,24.0
164601,چالوس - کرج (چالوس - دوآب),1402/01/20 00:00:00,1402/01/21 00:00:00,1345.0,3364,2705,627,26,0,6,54.0,3605.0,8.0,191.0,16.0
164601,چالوس - کرج (چالوس - دوآب),1402/01/21 00:00:00,1402/01/22 00:00:00,1375.0,3325,2693,618,7,0,7,51.0,3487.0,0.0,194.0,20.0
164601,چالوس - کرج (چالوس - دوآب),1402/01/22 00:00:00,1402/01/23 00:00:00,1440.0,3971,3236,721,11,0,3,49.0,3971.0,0.0,342.0,17.0
164601,چالوس - کرج (چالوس - دوآب),1402/01/23 00:00:00,1402/01/24 00:00:00,1440.0,3790,3587,191,8,1,3,52.0,3790.0,2.0,234.0,13.0
164601,چالوس - کرج (چالوس - دوآب),1402/01/24 00:00:00,1402/01/25 00:00:00,1440.0,3927,3446,463,13,1,4,53.0,3927.0,1.0,204.0,23.0
164601,چالوس - کرج (چالوس - دوآب),1402/01/25 00:00:00,1402/01/26 00:00:00,1440.0,5089,4972,107,10,0,0,50.0,5089.0,1.0,287.0,36.0
164601,چالوس - کرج (چالوس - دوآب),1402/01/26 00:00:00,1402/01/27 00:00:00,1425.0,3669,2936,704,18,0,11,52.0,3732.0,4.0,226.0,20.0
164601,چالوس - کرج (چالوس - دوآب),1402/01/27 00:00:00,1402/01/28 00:00:00,1440.0,3117,2499,615,2,0,1,45.0,3117.0,2.0,172.0,10.0
164601,چالوس - کرج (چالوس - دوآب),1402/01/28 00:00:00,1402/01/29 00:00:00,1440.0,3074,2276,784,10,0,4,49.0,3074.0,0.0,154.0,15.0
164601,چالوس - کرج (چالوس - دوآب),1402/01/29 00:00:00,1402/01/30 00:00:00,1435.0,3502,2776,719,6,0,1,47.0,3521.0,0.0,309.0,14.0
164601,چالوس - کرج (چالوس - دوآب),1402/01/30 00:00:00,1402/01/31 00:00:00,1425.0,4045,3342,691,9,0,3,49.0,4096.0,0.0,294.0,18.0
164601,چالوس - کرج (چالوس - دوآب),1402/01/31 00:00:00,1402/02/01 00:00:00,1440.0,5056,4628,408,18,0,2,53.0,5056.0,0.0,345.0,23.0
164601,چالوس - کرج (چالوس - دوآب),1398/01/01 00:00:00,1398/01/01 22:41:55,1361.0,3533,3448,35,20,4,26,60.0,3796.0,21.0,756.0,16.0
164601,چالوس - کرج (چالوس - دوآب),1398/01/02 01:28:48,1398/01/02 21:30:00,306.0,771,753,12,2,3,1,54.0,6032.0,1.0,240.0,3.0
164601,چالوس - کرج (چالوس - دوآب),1398/01/03 00:34:07,1398/01/03 23:00:00,50.0,43,42,1,0,0,0,54.0,1533.0,0.0,13.0,0.0
164601,چالوس - کرج (چالوس - دوآب),1398/01/04 02:14:57,1398/01/05 00:00:00,571.0,2696,2641,27,16,5,7,54.0,3292.0,5.0,811.0,17.0
164601,چالوس - کرج (چالوس - دوآب),1398/01/05 00:00:00,1398/01/06 00:00:00,1440.0,4587,4493,34,32,7,21,53.0,4587.0,5.0,985.0,15.0
164601,چالوس - کرج (چالوس - دوآب),1398/01/06 00:00:00,1398/01/07 00:00:00,1440.0,3466,3394,26,42,1,3,55.0,3466.0,6.0,700.0,16.0
164601,چالوس - کرج (چالوس - دوآب),1398/01/07 00:00:00,1398/01/08 00:00:00,1440.0,4303,4184,34,68,8,9,58.0,4303.0,13.0,1089.0,23.0
164601,چالوس - کرج (چالوس - دوآب),1398/01/08 00:00:00,1398/01/09 00:00:00,1440.0,6189,6039,38,71,13,28,56.0,6189.0,13.0,1838.0,16.0
164601,چالوس - کرج (چالوس - دوآب),1398/01/09 00:00:00,1398/01/10 00:00:00,1440.0,6168,6052,30,47,9,30,56.0,6650.0,14.0,1810.0,23.0
164601,چالوس - کرج (چالوس - دوآب),1398/01/10 00:00:00,1398/01/11 00:00:00,1440.0,5819,5697,28,56,12,26,55.0,5819.0,12.0,1512.0,22.0
164601,چالوس - کرج (چالوس - دوآب),1398/01/11 00:00:00,1398/01/12 00:00:00,1440.0,4023,3893,36,81,8,5,54.0,4023.0,3.0,812.0,17.0
164601,چالوس - کرج (چالوس - دوآب),1398/01/12 00:00:00,1398/01/13 00:00:00,1440.0,3455,3351,28,73,2,1,55.0,3455.0,6.0,623.0,18.0
164601,چالوس - کرج (چالوس - دوآب),1398/01/13 00:00:00,1398/01/14 00:00:00,1440.0,6720,6595,46,45,24,10,51.0,6720.0,15.0,2329.0,99.0
164601,چالوس - کرج (چالوس - دوآب),1398/01/14 00:00:00,1398/01/15 00:00:00,1440.0,5560,5472,29,49,9,1,57.0,5560.0,15.0,1636.0,36.0
164601,چالوس - کرج (چالوس - دوآب),1398/01/15 00:00:00,1398/01/16 00:00:00,1440.0,7771,7662,29,70,7,3,58.0,7771.0,22.0,2439.0,41.0
164601,چالوس - کرج (چالوس - دوآب),1398/01/16 00:00:00,1398/01/17 00:00:00,1440.0,6248,6164,27,51,5,1,58.0,6248.0,20.0,1789.0,30.0
164601,چالوس - کرج (چالوس - دوآب),1398/01/17 00:00:00,1398/01/18 00:00:00,1440.0,5101,4518,84,488,6,5,58.0,5101.0,10.0,1293.0,15.0
164601,چالوس - کرج (چالوس - دوآب),1398/01/18 00:00:00,1398/01/19 00:00:00,1440.0,4349,3792,99,449,5,4,57.0,4349.0,8.0,962.0,17.0
164601,چالوس - کرج (چالوس - دوآب),1398/01/19 00:00:00,1398/01/20 00:00:00,1440.0,4132,3450,101,566,10,5,58.0,4132.0,15.0,865.0,19.0
164601,چالوس - کرج (چالوس - دوآب),1398/01/20 00:00:00,1398/01/21 00:00:00,1440.0,4353,3675,113,554,8,3,59.0,4353.0,12.0,1037.0,18.0
164601,چالوس - کرج (چالوس - دوآب),1398/01/21 00:00:00,1398/01/22 00:00:00,1440.0,4709,4002,118,570,12,7,59.0,4709.0,21.0,1158.0,11.0
164601,چالوس - کرج (چالوس - دوآب),1398/01/22 00:00:00,1398/01/23 00:00:00,1440.0,5755,5193,116,428,15,3,58.0,5755.0,26.0,1673.0,25.0
164601,چالوس - کرج (چالوس - دوآب),1398/01/23 00:00:00,1398/01/24 00:00:00,1440.0,5613,5501,31,69,9,3,55.0,5769.0,3.0,1552.0,28.0
164601,چالوس - کرج (چالوس - دوآب),1398/01/24 00:00:00,1398/01/25 00:00:00,1440.0,4444,3752,121,562,5,4,58.0,4444.0,9.0,1000.0,17.0
164601,چالوس - کرج (چالوس - دوآب),1398/01/25 00:00:00,1398/01/26 00:00:00,1440.0,5023,4236,139,637,6,5,58.0,5023.0,19.0,1303.0,40.0
164601,چالوس - کرج (چالوس - دوآب),1398/01/26 00:00:00,1398/01/27 00:00:00,1440.0,4749,4051,111,564,5,18,58.0,4749.0,9.0,1136.0,28.0
164601,چالوس - کرج (چالوس - دوآب),1398/01/27 00:00:00,1398/01/28 00:00:00,1440.0,4857,4212,105,524,9,7,59.0,4857.0,18.0,1143.0,25.0
164601,چالوس - کرج (چالوس - دوآب),1398/01/28 00:00:00,1398/01/29 00:00:00,1440.0,5059,4278,124,634,9,14,58.0,5059.0,17.0,1331.0,25.0
164601,چالوس - کرج (چالوس - دوآب),1398/01/29 00:00:00,1398/01/30 00:00:00,1440.0,5931,5355,96,439,13,28,57.0,5931.0,17.0,1801.0,21.0
164601,چالوس - کرج (چالوس - دوآب),1398/01/30 00:00:00,1398/01/31 00:00:00,1440.0,5114,4989,28,68,6,23,53.0,5183.0,1.0,1240.0,23.0
164601,چالوس - کرج (چالوس - دوآب),1398/01/31 00:00:00,1398/02/01 00:00:00,1440.0,4944,4285,80,546,9,24,53.0,4944.0,6.0,1055.0,18.0
164601,چالوس - کرج (چالوس - دوآب),1396/01/01 00:00:00,1396/01/02 00:00:00,1440.0,3306,3266,7,11,21,1,49.15,3306.0,1.0,641.0,28.0
164601,چالوس - کرج (چالوس - دوآب),1396/01/02 00:00:00,1396/01/03 00:00:00,1380.0,4077,4010,27,18,19,3,47.71,4077.0,2.0,951.0,21.0
164601,چالوس - کرج (چالوس - دوآب),1396/01/03 00:00:00,1396/01/04 00:00:00,1441.0,5423,5359,28,18,18,0,46.92,5422.0,7.0,1363.0,49.0
164601,چالوس - کرج (چالوس - دوآب),1396/01/04 00:00:00,1396/01/05 00:00:00,1440.0,5771,5692,33,17,27,2,44.48,5771.0,3.0,1389.0,81.0
164601,چالوس - کرج (چالوس - دوآب),1396/01/05 00:00:00,1396/01/06 00:00:00,1440.0,6532,6166,178,155,26,7,47.38,6532.0,4.0,1752.0,338.0
164601,چالوس - کرج (چالوس - دوآب),1396/01/06 00:00:00,1396/01/07 00:00:00,1440.0,6603,6501,40,26,23,13,47.43,6603.0,3.0,1890.0,50.0
164601,چالوس - کرج (چالوس - دوآب),1396/01/07 00:00:00,1396/01/08 00:00:00,1440.0,6713,6643,18,20,24,8,47.31,6713.0,9.0,1961.0,55.0
164601,چالوس - کرج (چالوس - دوآب),1396/01/08 00:00:00,1396/01/09 00:00:00,1440.0,6719,6604,34,52,26,3,45.99,6719.0,5.0,1929.0,75.0
164601,چالوس - کرج (چالوس - دوآب),1396/01/09 00:00:00,1396/01/10 00:00:00,1440.0,7508,7286,103,64,24,31,46.84,7508.0,10.0,2250.0,59.0
164601,چالوس - کرج (چالوس - دوآب),1396/01/10 00:00:00,1396/01/11 00:00:00,1440.0,8623,8528,34,33,24,4,46.02,8623.0,8.0,2815.0,73.0
164601,چالوس - کرج (چالوس - دوآب),1396/01/11 00:00:00,1396/01/12 00:00:00,1440.0,9595,9495,46,26,26,2,45.91,9595.0,4.0,3203.0,96.0
164601,چالوس - کرج (چالوس - دوآب),1396/01/12 00:00:00,1396/01/13 00:00:00,1440.0,7601,7506,50,17,26,2,47.64,7601.0,3.0,2275.0,63.0
164601,چالوس - کرج (چالوس - دوآب),1396/01/13 00:00:00,1396/01/14 00:00:00,1440.0,8131,8031,48,27,19,6,45.04,8131.0,5.0,2641.0,114.0
164601,چالوس - کرج (چالوس - دوآب),1396/01/14 00:00:00,1396/01/15 00:00:00,1440.0,5684,5592,39,28,24,1,47.68,5684.0,1.0,1424.0,37.0
164601,چالوس - کرج (چالوس - دوآب),1396/01/15 00:00:00,1396/01/16 00:00:00,1441.0,4634,4423,92,57,30,32,51.17,4629.0,22.0,1172.0,32.0
164601,چالوس - کرج (چالوس - دوآب),1396/01/16 00:00:00,1396/01/17 00:00:00,1440.0,3919,3711,95,82,23,8,50.75,3919.0,9.0,843.0,82.0
164601,چالوس - کرج (چالوس - دوآب),1396/01/17 00:00:00,1396/01/18 00:00:00,1440.0,4733,4569,87,46,28,3,50.8,4733.0,8.0,1227.0,47.0
164601,چالوس - کرج (چالوس - دوآب),1396/01/18 00:00:00,1396/01/19 00:00:00,1440.0,5623,5554,17,25,24,3,49.5,5623.0,4.0,1597.0,55.0
164601,چالوس - کرج (چالوس - دوآب),1396/01/19 00:00:00,1396/01/20 00:00:00,1440.0,3718,3474,144,77,20,3,50.87,3718.0,3.0,764.0,25.0
164601,چالوس - کرج (چالوس - دوآب),1396/01/20 00:00:00,1396/01/21 00:00:00,1440.0,3447,3228,147,53,18,1,51.43,3447.0,1.0,666.0,18.0
164601,چالوس - کرج (چالوس - دوآب),1396/01/21 00:00:00,1396/01/22 00:00:00,1440.0,3388,3076,163,116,28,5,51.53,3388.0,6.0,664.0,96.0
164601,چالوس - کرج (چالوس - دوآب),1396/01/22 00:00:00,1396/01/23 00:00:00,1440.0,3730,2919,163,405,59,184,53.45,3730.0,70.0,631.0,409.0
164601,چالوس - کرج (چالوس - دوآب),1396/01/23 00:00:00,1396/01/24 00:00:00,1406.0,3271,2977,173,64,25,32,49.65,3412.0,16.0,587.0,144.0
164601,چالوس - کرج (چالوس - دوآب),1396/01/24 00:00:00,1396/01/25 00:00:00,1440.0,4803,4555,148,68,23,9,51.19,4803.0,6.0,1250.0,77.0
164601,چالوس - کرج (چالوس - دوآب),1396/01/25 00:00:00,1396/01/26 00:00:00,1440.0,6709,6532,56,49,35,37,47.85,6709.0,13.0,2174.0,171.0
164601,چالوس - کرج (چالوس - دوآب),1396/01/26 00:00:00,1396/01/27 00:00:00,1440.0,4015,3703,233,58,19,2,51.09,4015.0,2.0,865.0,30.0
164601,چالوس - کرج (چالوس - دوآب),1396/01/27 00:00:00,1396/01/28 00:00:00,1384.0,3051,2729,244,53,21,4,50.15,3218.0,1.0,567.0,18.0
164601,چالوس - کرج (چالوس - دوآب),1396/01/28 00:00:00,1396/01/29 00:00:00,1440.0,3663,3289,285,59,24,6,51.87,3663.0,7.0,793.0,40.0
164601,چالوس - کرج (چالوس - دوآب),1396/01/29 00:00:00,1396/01/30 00:00:00,1440.0,3874,3514,247,93,16,4,51.78,3874.0,0.0,879.0,21.0
164601,چالوس - کرج (چالوس - دوآب),1396/01/30 00:00:00,1396/01/31 00:00:00,1388.0,3828,3490,255,60,20,3,51.08,4009.0,3.0,899.0,26.0
164601,چالوس - کرج (چالوس - دوآب),1396/01/31 00:00:00,1396/02/01 00:00:00,1440.0,4827,4540,222,33,27,5,51.29,4827.0,1.0,1300.0,38.0
164601,چالوس - کرج (چالوس - دوآب),1396/12/01 00:00:00,1396/12/02 00:00:00,1440.0,3127,2876,101,124,7,19,59.0,3127.0,10.0,561.0,57.0
164601,چالوس - کرج (چالوس - دوآب),1396/12/02 00:00:00,1396/12/03 00:00:00,1440.0,3561,3194,139,202,12,14,59.0,3561.0,12.0,657.0,66.0
164601,چالوس - کرج (چالوس - دوآب),1396/12/03 00:00:00,1396/12/04 00:00:00,1440.0,3992,3703,120,139,12,18,60.0,3992.0,21.0,877.0,76.0
164601,چالوس - کرج (چالوس - دوآب),1396/12/04 00:00:00,1396/12/05 00:00:00,1440.0,4824,4716,51,32,11,14,59.0,4824.0,19.0,1299.0,57.0
164601,چالوس - کرج (چالوس - دوآب),1396/12/05 00:00:00,1396/12/06 00:00:00,1440.0,3358,2916,199,208,10,25,60.0,3358.0,16.0,644.0,51.0
164601,چالوس - کرج (چالوس - دوآب),1396/12/06 00:00:00,1396/12/07 00:00:00,1440.0,3110,2709,177,196,14,14,59.0,3121.0,17.0,563.0,43.0
164601,چالوس - کرج (چالوس - دوآب),1396/12/07 00:00:00,1396/12/08 00:00:00,1440.0,3392,2838,228,255,39,32,59.0,3392.0,12.0,737.0,50.0
164601,چالوس - کرج (چالوس - دوآب),1396/12/08 00:00:00,1396/12/09 00:00:00,1440.0,3127,2616,206,221,37,47,59.0,3127.0,32.0,524.0,59.0
164601,چالوس - کرج (چالوس - دوآب),1396/12/09 00:00:00,1396/12/10 00:00:00,1440.0,3565,3076,176,275,19,19,61.0,3565.0,20.0,694.0,66.0
164601,چالوس - کرج (چالوس - دوآب),1396/12/10 00:00:00,1396/12/11 00:00:00,1440.0,3653,3355,131,138,12,17,60.0,3653.0,20.0,744.0,48.0
164601,چالوس - کرج (چالوس - دوآب),1396/12/11 00:00:00,1396/12/12 00:00:00,1440.0,4852,4759,36,35,9,13,59.0,4852.0,19.0,1298.0,73.0
164601,چالوس - کرج (چالوس - دوآب),1396/12/12 00:00:00,1396/12/13 00:00:00,1440.0,3805,3299,238,241,5,22,59.0,3805.0,12.0,771.0,77.0
164601,چالوس - کرج (چالوس - دوآب),1396/12/13 00:00:00,1396/12/14 00:00:00,1440.0,3737,3043,316,306,48,24,60.0,3737.0,36.0,781.0,71.0
164601,چالوس - کرج (چالوس - دوآب),1396/12/14 00:00:00,1396/12/15 00:00:00,1431.0,3814,3169,289,325,15,16,59.0,3837.0,20.0,852.0,85.0
164601,چالوس - کرج (چالوس - دوآب),1396/12/15 00:00:00,1396/12/16 00:00:00,1440.0,3617,3149,166,269,13,20,57.0,3617.0,13.0,662.0,64.0
164601,چالوس - کرج (چالوس - دوآب),1396/12/16 00:00:00,1396/12/17 00:00:00,1440.0,3765,3280,195,263,6,21,57.0,3765.0,7.0,708.0,62.0
164601,چالوس - کرج (چالوس - دوآب),1396/12/17 00:00:00,1396/12/18 00:00:00,1440.0,4216,3821,190,171,10,24,59.0,4216.0,24.0,983.0,57.0
164601,چالوس - کرج (چالوس - دوآب),1396/12/18 00:00:00,1396/12/19 00:00:00,1440.0,5031,4828,120,55,11,17,59.0,5031.0,17.0,1328.0,75.0
164601,چالوس - کرج (چالوس - دوآب),1396/12/19 00:00:00,1396/12/20 00:00:00,1440.0,3833,3139,286,295,30,83,59.0,3833.0,51.0,811.0,54.0
164601,چالوس - کرج (چالوس - دوآب),1396/12/20 00:00:00,1396/12/21 00:00:00,1440.0,3756,3255,203,265,16,17,60.0,3756.0,18.0,783.0,49.0
164601,چالوس - کرج (چالوس - دوآب),1396/12/21 00:00:00,1396/12/22 00:00:00,1440.0,3966,3455,184,296,18,13,57.0,3966.0,19.0,891.0,59.0
164601,چالوس - کرج (چالوس - دوآب),1396/12/22 00:00:00,1396/12/23 00:00:00,1440.0,3626,3147,166,284,11,18,56.0,3626.0,7.0,697.0,52.0
164601,چالوس - کرج (چالوس - دوآب),1396/12/23 00:00:00,1396/12/24 00:00:00,1440.0,4139,3542,236,327,17,17,58.0,4139.0,10.0,904.0,69.0
164601,چالوس - کرج (چالوس - دوآب),1396/12/24 00:00:00,1396/12/25 00:00:00,1440.0,4523,4080,207,160,19,57,60.0,4523.0,47.0,1137.0,76.0
164601,چالوس - کرج (چالوس - دوآب),1396/12/25 00:00:00,1396/12/26 00:00:00,1440.0,4485,4239,129,93,8,16,60.0,4485.0,23.0,1097.0,62.0
164601,چالوس - کرج (چالوس - دوآب),1396/12/26 00:00:00,1396/12/27 00:00:00,1440.0,3467,3270,71,95,10,21,57.0,3467.0,10.0,586.0,57.0
164601,چالوس - کرج (چالوس - دوآب),1396/12/27 00:00:00,1396/12/28 00:00:00,1440.0,4034,3685,207,99,16,27,60.0,4034.0,18.0,916.0,110.0
164601,چالوس - کرج (چالوس - دوآب),1396/12/28 00:00:00,1396/12/29 00:00:00,1440.0,3719,3051,369,241,29,29,61.0,3719.0,73.0,710.0,112.0
164601,چالوس - کرج (چالوس - دوآب),1396/12/29 00:00:00,1397/01/01 00:00:00,1440.0,3379,3185,110,49,13,22,61.0,3379.0,26.0,643.0,84.0
164601,چالوس - کرج (چالوس - دوآب),1401/01/01 00:00:00,1401/01/02 00:00:00,1440.0,3517,3505,11,1,0,0,48.0,3517.0,0.0,93.0,16.0
164601,چالوس - کرج (چالوس - دوآب),1401/01/02 01:05:00,1401/01/03 00:00:00,1375.0,6630,6589,40,0,0,1,45.0,6729.0,0.0,252.0,50.0
164601,چالوس - کرج (چالوس - دوآب),1401/01/03 00:00:00,1401/01/04 00:00:00,1440.0,4032,4011,20,1,0,0,46.0,4032.0,0.0,136.0,37.0
164601,چالوس - کرج (چالوس - دوآب),1401/01/04 00:00:00,1401/01/05 00:00:00,1425.0,5605,5575,27,0,0,3,47.0,5636.0,0.0,259.0,64.0
164601,چالوس - کرج (چالوس - دوآب),1401/01/05 00:00:00,1401/01/06 00:00:00,1440.0,5752,5728,20,3,1,0,48.0,5752.0,0.0,277.0,57.0
164601,چالوس - کرج (چالوس - دوآب),1401/01/06 00:00:00,1401/01/07 00:00:00,1370.0,6010,5948,55,6,1,0,50.0,6448.0,1.0,328.0,45.0
164601,چالوس - کرج (چالوس - دوآب),1401/01/07 00:00:00,1401/01/08 00:00:00,1440.0,6399,6317,78,4,0,0,48.0,6399.0,0.0,479.0,43.0
164601,چالوس - کرج (چالوس - دوآب),1401/01/08 00:00:00,1401/01/09 00:00:00,1390.0,6045,5953,81,10,0,1,48.0,6397.0,0.0,341.0,74.0
164601,چالوس - کرج (چالوس - دوآب),1401/01/09 00:00:00,1401/01/10 00:00:00,1440.0,6205,6111,82,11,0,1,48.0,6205.0,0.0,357.0,62.0
164601,چالوس - کرج (چالوس - دوآب),1401/01/10 00:00:00,1401/01/11 00:00:00,1430.0,7310,7228,77,2,2,1,48.0,7367.0,0.0,458.0,75.0
164601,چالوس - کرج (چالوس - دوآب),1401/01/11 00:00:00,1401/01/12 00:00:00,1435.0,8377,8278,86,11,0,2,50.0,8390.0,0.0,674.0,66.0
164601,چالوس - کرج (چالوس - دوآب),1401/01/12 00:00:00,1401/01/13 00:00:00,1440.0,8518,8474,32,12,0,0,51.0,8518.0,0.0,648.0,76.0
164601,چالوس - کرج (چالوس - دوآب),1401/01/13 00:00:00,1401/01/14 00:00:00,1395.0,8962,8923,24,13,1,1,43.0,9260.0,0.0,494.0,124.0
164601,چالوس - کرج (چالوس - دوآب),1401/01/14 00:00:00,1401/01/15 00:00:00,1430.0,5373,5126,230,15,0,2,52.0,5423.0,2.0,293.0,65.0
164601,چالوس - کرج (چالوس - دوآب),1401/01/15 00:00:00,1401/01/16 00:00:00,1395.0,4654,4235,399,17,0,3,54.0,4922.0,3.0,309.0,49.0
164601,چالوس - کرج (چالوس - دوآب),1401/01/16 00:00:00,1401/01/17 00:00:00,1440.0,3984,3530,429,18,2,5,55.0,3984.0,5.0,217.0,39.0
164601,چالوس - کرج (چالوس - دوآب),1401/01/17 00:00:00,1401/01/18 00:00:00,1440.0,4251,3769,455,18,3,6,52.0,4251.0,2.0,277.0,39.0
164601,چالوس - کرج (چالوس - دوآب),1401/01/18 00:00:00,1401/01/19 00:00:00,1440.0,4805,4429,364,7,3,2,47.0,4805.0,0.0,306.0,36.0
164601,چالوس - کرج (چالوس - دوآب),1401/01/19 00:00:00,1401/01/20 00:00:00,1440.0,5574,5482,71,12,9,0,52.0,5630.0,2.0,369.0,49.0
164601,چالوس - کرج (چالوس - دوآب),1401/01/20 00:00:00,1401/01/21 00:00:00,1440.0,3879,3421,431,13,9,5,54.0,3879.0,3.0,279.0,23.0
164601,چالوس - کرج (چالوس - دوآب),1401/01/21 00:00:00,1401/01/22 00:00:00,1335.0,3392,2982,384,18,3,5,50.0,3585.0,2.0,286.0,22.0
164601,چالوس - کرج (چالوس - دوآب),1401/01/22 00:00:00,1401/01/23 00:00:00,1430.0,4017,3445,541,20,8,3,53.0,4034.0,5.0,284.0,29.0
164601,چالوس - کرج (چالوس - دوآب),1401/01/23 00:00:00,1401/01/24 00:00:00,1440.0,4289,3593,656,21,11,8,54.0,4289.0,9.0,321.0,60.0
164601,چالوس - کرج (چالوس - دوآب),1401/01/24 00:00:00,1401/01/25 00:00:00,1345.0,4175,3570,579,14,10,2,58.0,4306.0,5.0,260.0,28.0
164601,چالوس - کرج (چالوس - دوآب),1401/01/25 00:00:00,1401/01/26 00:00:00,1405.0,4824,4456,353,9,4,2,47.0,5017.0,1.0,364.0,31.0
164601,چالوس - کرج (چالوس - دوآب),1401/01/26 00:00:00,1401/01/27 00:00:00,1440.0,6159,6056,74,12,15,2,51.0,6159.0,2.0,377.0,41.0
164601,چالوس - کرج (چالوس - دوآب),1401/01/27 00:00:00,1401/01/28 00:00:00,1440.0,4044,3484,544,10,5,1,46.0,4044.0,0.0,321.0,19.0
164601,چالوس - کرج (چالوس - دوآب),1401/01/28 00:00:00,1401/01/29 00:00:00,1440.0,3742,3195,531,6,7,3,49.0,3742.0,1.0,222.0,17.0
164601,چالوس - کرج (چالوس - دوآب),1401/01/29 00:00:00,1401/01/30 00:00:00,1440.0,4159,3584,544,15,9,7,54.0,4159.0,4.0,275.0,32.0
164601,چالوس - کرج (چالوس - دوآب),1401/01/30 00:00:00,1401/01/31 00:00:00,1440.0,4261,3662,575,13,8,3,54.0,4261.0,0.0,298.0,28.0
164601,چالوس - کرج (چالوس - دوآب),1401/01/31 00:00:00,1401/02/01 00:00:00,1440.0,4403,3834,539,17,8,5,53.0,4403.0,2.0,354.0,28.0
164601,چالوس - کرج (چالوس - دوآب),1399/12/01 00:00:00,1399/12/02 00:00:00,1435.0,3584,3448,89,28,4,15,61.0,3589.0,44.0,339.0,0.0
164601,چالوس - کرج (چالوس - دوآب),1399/12/02 00:00:00,1399/12/03 00:00:00,1440.0,3872,2987,712,148,4,21,61.0,3872.0,45.0,386.0,0.0
164601,چالوس - کرج (چالوس - دوآب),1399/12/03 00:00:00,1399/12/04 00:00:00,1325.0,3098,2316,607,159,0,16,58.0,3511.0,15.0,233.0,0.0
164601,چالوس - کرج (چالوس - دوآب),1399/12/04 00:00:00,1399/12/05 00:00:00,1440.0,3552,2755,624,156,1,16,62.0,3552.0,43.0,348.0,0.0
164601,چالوس - کرج (چالوس - دوآب),1399/12/05 00:00:00,1399/12/06 00:00:00,1405.0,3822,2955,704,144,5,14,60.0,3919.0,31.0,419.0,0.0
164601,چالوس - کرج (چالوس - دوآب),1399/12/06 00:00:00,1399/12/07 00:00:00,1440.0,2995,2410,431,136,2,16,57.0,2995.0,13.0,190.0,0.0
164601,چالوس - کرج (چالوس - دوآب),1399/12/07 00:00:00,1399/12/08 00:00:00,1440.0,3517,3081,330,83,7,16,63.0,3517.0,46.0,331.0,0.0
164601,چالوس - کرج (چالوس - دوآب),1399/12/08 00:00:00,1399/12/09 00:00:00,1405.0,3744,3633,57,34,5,15,62.0,3852.0,49.0,374.0,0.0
164601,چالوس - کرج (چالوس - دوآب),1399/12/09 00:00:00,1399/12/10 00:00:00,1440.0,4219,3247,812,138,7,15,60.0,4219.0,54.0,464.0,0.0
164601,چالوس - کرج (چالوس - دوآب),1399/12/10 00:00:00,1399/12/11 00:00:00,1440.0,4125,3169,784,148,2,22,60.0,4125.0,42.0,466.0,0.0
164601,چالوس - کرج (چالوس - دوآب),1399/12/11 00:00:00,1399/12/12 00:00:00,1405.0,3864,2905,741,196,2,20,61.0,3978.0,47.0,423.0,0.0
164601,چالوس - کرج (چالوس - دوآب),1399/12/12 00:00:00,1399/12/13 00:00:00,1440.0,3840,2876,764,178,2,20,60.0,3840.0,40.0,348.0,0.0
164601,چالوس - کرج (چالوس - دوآب),1399/12/13 00:00:00,1399/12/14 00:00:00,1405.0,4101,3152,788,135,6,20,61.0,4193.0,43.0,487.0,0.0
164601,چالوس - کرج (چالوس - دوآب),1399/12/14 00:00:00,1399/12/15 00:00:00,1405.0,4150,3394,615,124,3,14,58.0,4221.0,28.0,345.0,0.0
164601,چالوس - کرج (چالوس - دوآب),1399/12/15 00:00:00,1399/12/16 00:00:00,1400.0,3378,3231,79,50,7,11,59.0,3500.0,37.0,228.0,0.0
164601,چالوس - کرج (چالوس - دوآب),1399/12/16 00:00:00,1399/12/17 00:00:00,1435.0,4138,3157,806,149,9,17,61.0,4160.0,46.0,403.0,0.0
164601,چالوس - کرج (چالوس - دوآب),1399/12/17 00:00:00,1399/12/18 00:00:00,1440.0,4040,3104,733,180,6,17,60.0,4040.0,25.0,382.0,0.0
164601,چالوس - کرج (چالوس - دوآب),1399/12/18 00:00:00,1399/12/19 00:00:00,1440.0,3715,2808,714,170,3,20,58.0,3715.0,26.0,281.0,0.0
164601,چالوس - کرج (چالوس - دوآب),1399/12/19 00:00:00,1399/12/20 00:00:00,1435.0,3775,2826,767,164,3,15,58.0,3796.0,18.0,290.0,0.0
164601,چالوس - کرج (چالوس - دوآب),1399/12/20 00:00:00,1399/12/21 00:00:00,1440.0,4298,3372,730,177,6,13,60.0,4298.0,53.0,471.0,0.0
164601,چالوس - کرج (چالوس - دوآب),1399/12/21 00:00:00,1399/12/22 00:00:00,1410.0,3797,3169,483,128,6,11,60.0,3924.0,34.0,329.0,0.0
164601,چالوس - کرج (چالوس - دوآب),1399/12/22 00:00:00,1399/12/23 00:00:00,1440.0,2986,2858,69,46,4,9,58.0,2986.0,16.0,180.0,0.0
164601,چالوس - کرج (چالوس - دوآب),1399/12/23 00:00:00,1399/12/24 00:00:00,1390.0,5071,4411,511,141,3,5,60.0,5279.0,42.0,562.0,0.0
164601,چالوس - کرج (چالوس - دوآب),1399/12/24 00:00:00,1399/12/25 00:00:00,1410.0,3756,2943,651,142,6,14,62.0,3827.0,56.0,399.0,0.0
164601,چالوس - کرج (چالوس - دوآب),1399/12/25 00:00:00,1399/12/26 00:00:00,1365.0,4065,3223,677,144,4,17,61.0,4187.0,49.0,418.0,0.0
164601,چالوس - کرج (چالوس - دوآب),1399/12/26 00:00:00,1399/12/27 00:00:00,1440.0,4123,3373,611,122,4,13,60.0,4123.0,46.0,451.0,0.0
164601,چالوس - کرج (چالوس - دوآب),1399/12/27 00:00:00,1399/12/28 00:00:00,1370.0,3727,3200,384,124,4,15,61.0,4058.0,55.0,363.0,0.0
164601,چالوس - کرج (چالوس - دوآب),1399/12/28 00:00:00,1399/12/29 00:00:00,1440.0,4402,4145,171,66,6,14,62.0,4402.0,76.0,478.0,0.0
164601,چالوس - کرج (چالوس - دوآب),1399/12/29 00:00:00,1399/12/30 00:00:00,1405.0,3666,3541,73,35,4,13,62.0,3804.0,64.0,315.0,0.0
164601,چالوس - کرج (چالوس - دوآب),1399/12/30 00:00:00,1400/01/01 00:00:00,1405.0,2989,2930,32,8,3,16,63.0,3011.0,69.0,211.0,0.0
164601,چالوس - کرج (چالوس - دوآب),1399/01/01 01:10:00,1399/01/02 00:00:00,1370.0,3066,3037,13,5,3,8,59.0,3074.0,8.0,491.0,23.0
164601,چالوس - کرج (چالوس - دوآب),1399/01/02 00:00:00,1399/01/03 00:00:00,1375.0,3170,3132,15,11,1,11,58.0,3172.0,5.0,537.0,41.0
164601,چالوس - کرج (چالوس - دوآب),1399/01/03 00:00:00,1399/01/04 00:00:00,1440.0,3357,3291,25,26,3,12,58.0,3357.0,5.0,613.0,40.0
164601,چالوس - کرج (چالوس - دوآب),1399/01/04 00:00:00,1399/01/05 00:00:00,1440.0,2938,2888,22,13,6,9,56.0,2938.0,6.0,399.0,169.0
164601,چالوس - کرج (چالوس - دوآب),1399/01/05 00:00:00,1399/01/06 00:00:00,1440.0,3398,3329,28,24,5,12,57.0,3398.0,5.0,524.0,29.0
164601,چالوس - کرج (چالوس - دوآب),1399/01/06 00:00:00,1399/01/07 00:00:00,1440.0,3967,3860,37,47,6,17,57.0,3967.0,10.0,772.0,11.0
164601,چالوس - کرج (چالوس - دوآب),1399/01/07 00:00:00,1399/01/08 00:00:00,1440.0,4357,4249,32,47,10,19,59.0,4357.0,22.0,964.0,16.0
164601,چالوس - کرج (چالوس - دوآب),1399/01/08 00:00:00,1399/01/09 00:00:00,1440.0,3606,3531,28,31,4,12,59.0,3606.0,22.0,669.0,20.0
164601,چالوس - کرج (چالوس - دوآب),1399/01/09 00:00:00,1399/01/10 00:00:00,1440.0,3213,3097,33,65,8,10,57.0,3213.0,16.0,560.0,16.0
164601,چالوس - کرج (چالوس - دوآب),1399/01/10 00:00:00,1399/01/11 00:00:00,1440.0,3119,2999,29,74,4,13,59.0,3119.0,6.0,505.0,22.0
164601,چالوس - کرج (چالوس - دوآب),1399/01/11 00:00:00,1399/01/12 00:00:00,1440.0,3670,3520,39,89,10,12,59.0,3670.0,11.0,717.0,18.0
164601,چالوس - کرج (چالوس - دوآب),1399/01/12 00:00:00,1399/01/13 00:00:00,1425.0,4169,4059,34,63,5,8,59.0,4691.0,16.0,931.0,15.0
164601,چالوس - کرج (چالوس - دوآب),1399/01/13 00:00:00,1399/01/14 00:00:00,1440.0,3161,3106,18,30,0,7,59.0,3161.0,20.0,511.0,44.0
164601,چالوس - کرج (چالوس - دوآب),1399/01/14 00:00:00,1399/01/15 00:00:00,1440.0,3786,3648,61,61,6,10,59.0,3786.0,16.0,782.0,49.0
164601,چالوس - کرج (چالوس - دوآب),1399/01/15 00:00:00,1399/01/16 00:00:00,1440.0,3585,3515,18,27,13,12,58.0,3585.0,12.0,627.0,42.0
164601,چالوس - کرج (چالوس - دوآب),1399/01/16 00:00:00,1399/01/17 00:00:00,1440.0,3585,3183,68,298,15,21,56.0,3585.0,6.0,594.0,42.0
164601,چالوس - کرج (چالوس - دوآب),1399/01/17 00:00:00,1399/01/18 00:00:00,1440.0,3618,3143,76,376,8,15,58.0,3618.0,14.0,686.0,28.0
164601,چالوس - کرج (چالوس - دوآب),1399/01/18 00:00:00,1399/01/19 00:00:00,1440.0,4114,3561,98,426,9,20,57.0,4114.0,7.0,862.0,29.0
164601,چالوس - کرج (چالوس - دوآب),1399/01/19 00:00:00,1399/01/20 00:00:00,1440.0,4074,3607,75,373,7,12,53.0,4074.0,2.0,828.0,39.0
164601,چالوس - کرج (چالوس - دوآب),1399/01/20 00:00:00,1399/01/21 00:00:00,1440.0,3238,2846,49,313,12,18,56.0,3238.0,2.0,501.0,38.0
164601,چالوس - کرج (چالوس - دوآب),1399/01/21 00:00:00,1399/01/22 00:00:00,1440.0,3601,3283,56,244,5,13,57.0,3601.0,14.0,721.0,39.0
164601,چالوس - کرج (چالوس - دوآب),1399/01/22 00:00:00,1399/01/23 00:00:00,1440.0,3436,3344,35,32,7,18,58.0,3436.0,10.0,676.0,35.0
164601,چالوس - کرج (چالوس - دوآب),1399/01/23 00:00:00,1399/01/24 00:00:00,1440.0,2364,1823,85,435,6,15,59.0,4217.0,8.0,457.0,49.0
164601,چالوس - کرج (چالوس - دوآب),1399/01/24 00:00:00,1399/01/25 00:00:00,1440.0,3173,2966,63,134,8,2,56.0,4048.0,3.0,687.0,36.0
164601,چالوس - کرج (چالوس - دوآب),1399/01/25 00:00:00,1399/01/26 00:00:00,1440.0,3093,2847,83,151,10,2,57.0,3093.0,2.0,430.0,44.0
164601,چالوس - کرج (چالوس - دوآب),1399/01/26 00:00:00,1399/01/27 00:00:00,1440.0,3789,3469,105,199,12,4,56.0,3789.0,6.0,705.0,30.0
164601,چالوس - کرج (چالوس - دوآب),1399/01/27 00:00:00,1399/01/28 00:00:00,1440.0,4833,4430,127,262,12,2,56.0,4833.0,5.0,1077.0,30.0
164601,چالوس - کرج (چالوس - دوآب),1399/01/28 00:00:00,1399/01/29 00:00:00,1440.0,6238,5743,129,341,21,4,56.0,6238.0,10.0,1779.0,27.0
164601,چالوس - کرج (چالوس - دوآب),1399/01/29 00:00:00,1399/01/30 00:00:00,1440.0,4602,4281,101,194,24,2,56.0,4602.0,8.0,1029.0,25.0
164601,چالوس - کرج (چالوس - دوآب),1399/01/30 00:00:00,1399/01/31 00:00:00,1440.0,4867,4458,134,270,4,1,56.0,4867.0,6.0,1050.0,22.0
164601,چالوس - کرج (چالوس - دوآب),1399/01/31 00:00:00,1399/02/01 00:00:00,1440.0,5063,4620,121,302,19,1,56.0,5063.0,6.0,1173.0,28.0
164601,چالوس - کرج (چالوس - دوآب),1397/01/01 00:00:00,1397/01/02 00:00:00,1440.0,3852,3692,90,45,9,16,59.0,3852.0,9.0,820.0,100.0
164601,چالوس - کرج (چالوس - دوآب),1397/01/02 00:00:00,1397/01/03 00:00:00,1380.0,5146,4951,113,54,9,19,56.0,5179.0,31.0,1453.0,156.0
164601,چالوس - کرج (چالوس - دوآب),1397/01/03 00:00:00,1397/01/04 00:00:00,1440.0,6126,5958,87,46,21,14,54.0,6126.0,13.0,1776.0,92.0
164601,چالوس - کرج (چالوس - دوآب),1397/01/04 00:00:00,1397/01/05 00:00:00,1440.0,7566,7354,102,68,11,31,52.0,7566.0,25.0,2381.0,114.0
164601,چالوس - کرج (چالوس - دوآب),1397/01/05 00:00:00,1397/01/06 00:00:00,1440.0,7829,7477,149,102,52,49,52.0,7829.0,46.0,2389.0,140.0
164601,چالوس - کرج (چالوس - دوآب),1397/01/06 00:00:00,1397/01/07 00:00:00,1440.0,8285,8113,88,48,20,16,51.0,8285.0,16.0,2672.0,86.0
164601,چالوس - کرج (چالوس - دوآب),1397/01/07 00:00:00,1397/01/08 00:00:00,1440.0,7776,7382,197,90,25,82,53.0,7776.0,55.0,2397.0,131.0
164601,چالوس - کرج (چالوس - دوآب),1397/01/08 00:00:00,1397/01/09 00:00:00,1440.0,8045,7713,210,87,20,15,52.0,8045.0,29.0,2489.0,152.0
164601,چالوس - کرج (چالوس - دوآب),1397/01/09 00:00:00,1397/01/10 00:00:00,1440.0,9151,8936,109,67,14,25,51.0,9151.0,25.0,2963.0,100.0
164601,چالوس - کرج (چالوس - دوآب),1397/01/10 00:00:00,1397/01/11 00:00:00,1440.0,9950,9724,105,60,32,29,50.0,9950.0,22.0,3362.0,131.0
164601,چالوس - کرج (چالوس - دوآب),1397/01/11 00:00:00,1397/01/12 00:00:00,1440.0,8476,7015,1205,196,30,30,51.0,8476.0,20.0,2384.0,84.0
164601,چالوس - کرج (چالوس - دوآب),1397/01/12 00:00:00,1397/01/13 00:00:00,1440.0,8563,8122,258,135,15,33,51.0,8563.0,18.0,2465.0,60.0
164601,چالوس - کرج (چالوس - دوآب),1397/01/13 00:00:00,1397/01/14 00:00:00,1440.0,10265,9978,148,90,23,26,49.0,10265.0,17.0,3555.0,154.0
164601,چالوس - کرج (چالوس - دوآب),1397/01/14 00:00:00,1397/01/15 00:00:00,1440.0,6973,6683,161,65,31,33,55.0,6973.0,41.0,2129.0,67.0
164601,چالوس - کرج (چالوس - دوآب),1397/01/15 00:00:00,1397/01/16 00:00:00,1440.0,5955,5145,308,149,25,328,58.0,5955.0,196.0,1581.0,73.0
164601,چالوس - کرج (چالوس - دوآب),1397/01/16 00:00:00,1397/01/17 00:00:00,1440.0,5501,5374,51,50,11,15,53.0,5501.0,9.0,1403.0,59.0
164601,چالوس - کرج (چالوس - دوآب),1397/01/17 00:00:00,1397/01/18 00:00:00,1440.0,5763,5674,26,38,10,15,55.0,5763.0,3.0,1546.0,72.0
164601,چالوس - کرج (چالوس - دوآب),1397/01/18 00:00:00,1397/01/19 00:00:00,1440.0,4357,4015,126,188,14,14,58.0,4357.0,20.0,1068.0,48.0
164601,چالوس - کرج (چالوس - دوآب),1397/01/19 00:00:00,1397/01/20 00:00:00,1440.0,4247,3918,116,180,12,21,58.0,4247.0,20.0,1021.0,60.0
164601,چالوس - کرج (چالوس - دوآب),1397/01/20 00:00:00,1397/01/21 00:00:00,1440.0,4085,3754,142,164,8,17,58.0,4085.0,22.0,902.0,62.0
164601,چالوس - کرج (چالوس - دوآب),1397/01/21 00:00:00,1397/01/22 00:00:00,1440.0,4042,3545,233,226,17,21,59.0,4042.0,25.0,948.0,62.0
164601,چالوس - کرج (چالوس - دوآب),1397/01/22 00:00:00,1397/01/23 00:00:00,1440.0,4352,3896,220,163,19,54,59.0,4352.0,45.0,994.0,59.0
164601,چالوس - کرج (چالوس - دوآب),1397/01/23 00:00:00,1397/01/24 00:00:00,1440.0,5358,5081,148,82,17,30,58.0,5358.0,34.0,1529.0,78.0
164601,چالوس - کرج (چالوس - دوآب),1397/01/24 00:00:00,1397/01/25 00:00:00,1440.0,6590,6351,125,54,24,36,55.0,6590.0,29.0,2010.0,129.0
164601,چالوس - کرج (چالوس - دوآب),1397/01/25 00:00:00,1397/01/26 00:00:00,1440.0,9336,8804,316,100,31,85,52.0,9336.0,45.0,3132.0,107.0
164601,چالوس - کرج (چالوس - دوآب),1397/01/26 00:00:00,1397/01/27 00:00:00,1440.0,4960,4543,167,179,14,57,54.0,4960.0,54.0,1023.0,48.0
164601,چالوس - کرج (چالوس - دوآب),1397/01/27 00:00:00,1397/01/28 00:00:00,1440.0,2852,2631,68,131,7,15,57.0,2852.0,11.0,424.0,39.0
164601,چالوس - کرج (چالوس - دوآب),1397/01/28 00:00:00,1397/01/29 00:00:00,1440.0,3560,3170,160,199,18,13,60.0,3560.0,22.0,742.0,55.0
164601,چالوس - کرج (چالوس - دوآب),1397/01/29 00:00:00,1397/01/30 00:00:00,1440.0,4000,3426,233,274,25,42,60.0,4000.0,46.0,835.0,101.0
164601,چالوس - کرج (چالوس - دوآب),1397/01/30 00:00:00,1397/01/31 00:00:00,1440.0,4957,4453,242,216,23,23,59.0,4957.0,36.0,1226.0,110.0
164601,چالوس - کرج (چالوس - دوآب),1397/01/31 00:00:00,1397/02/01 00:00:00,1440.0,6282,5916,232,87,19,28,57.0,6282.0,35.0,1970.0,120.0
164601,چالوس - کرج (چالوس - دوآب),1395/12/01 00:00:00,1395/12/02 00:00:00,1440.0,1602,1528,49,10,9,6,53.0,1602.0,25.0,146.0,9.0
164601,چالوس - کرج (چالوس - دوآب),1395/12/02 00:00:00,1395/12/03 00:00:00,1440.0,1563,1369,156,29,5,4,67.83,1563.0,132.0,156.0,126.0
164601,چالوس - کرج (چالوس - دوآب),1395/12/03 00:00:00,1395/12/04 00:00:00,1440.0,1728,1417,221,53,19,18,61.39,1728.0,122.0,178.0,14.0
164601,چالوس - کرج (چالوس - دوآب),1395/12/04 00:00:00,1395/12/04 12:25:00,745.0,896,713,141,17,14,11,62.29,1917.0,43.0,110.0,65.0
164601,چالوس - کرج (چالوس - دوآب),1395/12/21 09:00:00,1395/12/22 00:00:00,900.0,2252,2047,146,40,18,1,51.83,2856.0,4.0,440.0,13.0
164601,چالوس - کرج (چالوس - دوآب),1395/12/22 00:00:00,1395/12/23 00:00:00,1440.0,2893,2602,173,88,25,5,52.0,2893.0,10.0,505.0,16.0
164601,چالوس - کرج (چالوس - دوآب),1395/12/23 00:00:00,1395/12/24 00:00:00,1443.0,2935,2670,175,61,17,12,52.74,2928.0,6.0,545.0,26.0
164601,چالوس - کرج (چالوس - دوآب),1395/12/24 00:00:00,1395/12/25 00:00:00,1440.0,2685,2323,170,99,36,57,53.2,2685.0,41.0,398.0,16.0
164601,چالوس - کرج (چالوس - دوآب),1395/12/25 00:00:00,1395/12/26 00:00:00,1440.0,2924,2756,80,54,27,7,52.35,2924.0,8.0,525.0,21.0
164601,چالوس - کرج (چالوس - دوآب),1395/12/26 00:00:00,1395/12/27 00:00:00,1440.0,3043,2954,44,23,22,0,52.9,3043.0,4.0,574.0,30.0
164601,چالوس - کرج (چالوس - دوآب),1395/12/27 00:00:00,1395/12/28 00:00:00,1442.0,2690,2617,36,18,17,2,52.5,2684.0,7.0,455.0,8.0
164601,چالوس - کرج (چالوس - دوآب),1395/12/28 00:00:00,1395/12/29 00:00:00,1441.0,2997,2889,42,33,19,14,53.63,2996.0,13.0,562.0,19.0
164601,چالوس - کرج (چالوس - دوآب),1395/12/29 00:00:00,1395/12/30 00:00:00,1355.0,2900,2848,25,8,19,0,52.61,3124.0,4.0,536.0,27.0
164601,چالوس - کرج (چالوس - دوآب),1395/12/30 00:00:00,1396/01/01 00:00:00,1440.0,2703,2652,16,11,21,3,53.41,2703.0,7.0,478.0,23.0
164601,چالوس - کرج (چالوس - دوآب),1397/12/01 00:00:00,1397/12/02 00:00:00,1440.0,4707,3718,174,778,7,30,58.0,4707.0,13.0,1168.0,21.0
164601,چالوس - کرج (چالوس - دوآب),1397/12/02 00:00:00,1397/12/03 00:00:00,1440.0,5035,4282,152,552,11,38,58.0,5035.0,21.0,1272.0,15.0
164601,چالوس - کرج (چالوس - دوآب),1397/12/03 00:00:00,1397/12/04 00:00:00,1440.0,5644,5478,46,72,14,34,58.0,5644.0,24.0,1608.0,25.0
164601,چالوس - کرج (چالوس - دوآب),1397/12/04 00:00:00,1397/12/05 00:00:00,1440.0,5157,4037,237,837,9,37,58.0,5157.0,13.0,1255.0,33.0
164601,چالوس - کرج (چالوس - دوآب),1397/12/05 00:00:00,1397/12/06 00:00:00,1440.0,4909,3855,234,778,10,32,58.0,4909.0,19.0,1210.0,36.0
164601,چالوس - کرج (چالوس - دوآب),1397/12/06 00:00:00,1397/12/07 00:00:00,1440.0,4600,3565,218,782,3,32,56.0,4600.0,11.0,930.0,25.0
164601,چالوس - کرج (چالوس - دوآب),1397/12/07 00:00:00,1397/12/08 00:00:00,1440.0,4796,3746,189,818,13,30,58.0,4796.0,9.0,1191.0,15.0
164601,چالوس - کرج (چالوس - دوآب),1397/12/08 00:00:00,1397/12/09 00:00:00,1440.0,4669,3619,224,790,9,27,57.0,4669.0,12.0,1146.0,29.0
164601,چالوس - کرج (چالوس - دوآب),1397/12/09 00:00:00,1397/12/10 00:00:00,1440.0,4165,3452,158,524,10,21,56.0,4165.0,4.0,812.0,25.0
164601,چالوس - کرج (چالوس - دوآب),1397/12/10 00:00:00,1397/12/11 00:00:00,1440.0,4078,3941,39,55,8,35,57.0,4078.0,8.0,922.0,22.0
164601,چالوس - کرج (چالوس - دوآب),1397/12/11 00:00:00,1397/12/12 00:00:00,1440.0,4827,3786,168,822,13,38,58.0,4827.0,11.0,1203.0,20.0
164601,چالوس - کرج (چالوس - دوآب),1397/12/12 00:00:00,1397/12/13 00:00:00,1440.0,5462,4437,206,791,4,24,58.0,5462.0,24.0,1498.0,19.0
164601,چالوس - کرج (چالوس - دوآب),1397/12/13 00:00:00,1397/12/14 00:00:00,1440.0,5013,4005,192,788,6,22,57.0,5013.0,16.0,1276.0,22.0
164601,چالوس - کرج (چالوس - دوآب),1397/12/14 00:00:00,1397/12/15 00:00:00,1440.0,5289,4259,198,796,8,28,58.0,5289.0,8.0,1419.0,31.0
164601,چالوس - کرج (چالوس - دوآب),1397/12/15 00:00:00,1397/12/16 00:00:00,1440.0,5574,4503,227,810,8,26,58.0,5574.0,20.0,1495.0,24.0
164601,چالوس - کرج (چالوس - دوآب),1397/12/16 00:00:00,1397/12/17 00:00:00,1440.0,6078,5283,169,584,8,34,57.0,6078.0,10.0,1806.0,33.0
164601,چالوس - کرج (چالوس - دوآب),1397/12/17 00:00:00,1397/12/18 00:00:00,1440.0,4976,4807,42,88,8,31,53.0,4976.0,6.0,1196.0,26.0
164601,چالوس - کرج (چالوس - دوآب),1397/12/18 00:00:00,1397/12/19 00:00:00,1440.0,5253,4166,187,857,8,35,57.0,5253.0,14.0,1329.0,29.0
164601,چالوس - کرج (چالوس - دوآب),1397/12/19 00:00:00,1397/12/20 00:00:00,1440.0,5211,4122,223,825,10,31,58.0,5211.0,14.0,1311.0,26.0
164601,چالوس - کرج (چالوس - دوآب),1397/12/20 00:00:00,1397/12/21 00:00:00,1440.0,5198,4080,228,857,7,26,58.0,5198.0,13.0,1342.0,26.0
164601,چالوس - کرج (چالوس - دوآب),1397/12/21 00:00:00,1397/12/22 00:00:00,1440.0,5386,4262,217,860,10,37,57.0,5386.0,23.0,1445.0,18.0
164601,چالوس - کرج (چالوس - دوآب),1397/12/22 00:00:00,1397/12/23 00:00:00,1440.0,5645,4499,199,897,11,39,57.0,5645.0,15.0,1515.0,31.0
164601,چالوس - کرج (چالوس - دوآب),1397/12/23 00:00:00,1397/12/24 00:00:00,1440.0,5764,4868,172,681,12,31,57.0,5764.0,12.0,1591.0,21.0
164601,چالوس - کرج (چالوس - دوآب),1397/12/24 00:00:00,1397/12/25 00:00:00,1440.0,5139,4889,64,148,11,27,56.0,5139.0,13.0,1333.0,18.0
164601,چالوس - کرج (چالوس - دوآب),1397/12/25 00:00:00,1397/12/26 00:00:00,1440.0,5495,4441,205,803,9,37,58.0,5495.0,14.0,1425.0,30.0
164601,چالوس - کرج (چالوس - دوآب),1397/12/26 00:00:00,1397/12/27 00:00:00,1440.0,5190,4623,138,385,15,29,57.0,5190.0,14.0,1383.0,28.0
164601,چالوس - کرج (چالوس - دوآب),1397/12/27 00:00:00,1397/12/28 00:00:00,1440.0,3795,3501,84,168,15,27,54.0,3795.0,3.0,701.0,23.0
164601,چالوس - کرج (چالوس - دوآب),1397/12/28 00:00:00,1397/12/29 00:00:00,1440.0,3547,3395,43,88,4,17,56.0,3547.0,10.0,658.0,7.0
164601,چالوس - کرج (چالوس - دوآب),1397/12/29 00:00:00,1398/01/01 00:00:00,1440.0,3243,3151,35,36,5,16,57.0,3243.0,6.0,533.0,6.0
164601,چالوس - مرزن آباد,1395/01/01 00:00:00,1395/01/02 01:00:00,1470.0,2228,1375,808,4,27,14,69.14,,38.0,646.0,12.0
164601,چالوس - مرزن آباد,1395/01/02 01:00:00,1395/01/03 00:00:00,1375.0,2802,2535,26,3,111,127,80.98,,213.0,1157.0,12.0
164601,چالوس - مرزن آباد,1395/01/03 00:00:00,1395/01/04 00:00:00,1420.0,3594,3070,70,2,281,171,82.21,,420.0,1420.0,10.0
164601,چالوس - مرزن آباد,1395/01/04 00:00:00,1395/01/05 00:00:00,1435.0,4472,3279,971,58,66,98,65.16,,515.0,1468.0,0.0
164601,چالوس - مرزن آباد,1395/01/05 00:00:00,1395/01/06 00:00:00,1435.0,7122,4397,2698,4,22,1,63.24,,926.0,2656.0,16.0
164601,چالوس - مرزن آباد,1395/01/06 00:00:00,1395/01/07 00:00:00,1410.0,6174,4416,1557,75,59,67,57.36,,302.0,1621.0,47.0
164601,چالوس - مرزن آباد,1395/01/07 00:00:00,1395/01/08 00:00:00,1415.0,4200,4016,15,0,17,152,78.77,,147.0,2682.0,13.0
164601,چالوس - مرزن آباد,1395/01/08 00:00:00,1395/01/09 00:00:00,1405.0,4552,4271,46,2,45,188,78.48,,208.0,2589.0,21.0
164601,چالوس - مرزن آباد,1395/01/09 00:00:00,1395/01/10 00:00:00,1415.0,6062,4101,86,2,1610,263,87.51,,1686.0,2858.0,25.0
164601,چالوس - مرزن آباد,1395/01/10 00:00:00,1395/01/11 00:00:00,1420.0,6085,5313,339,3,342,88,63.63,,681.0,2173.0,25.0
164601,چالوس - مرزن آباد,1395/01/11 00:00:00,1395/01/12 00:00:00,1410.0,5704,4573,251,75,478,327,71.0,,741.0,2408.0,14.0
164601,چالوس - مرزن آباد,1395/01/12 00:00:00,1395/01/13 00:00:00,1405.0,7798,5779,864,342,264,549,52.59,,528.0,3420.0,30.0
164601,چالوس - مرزن آباد,1395/01/13 00:00:00,1395/01/14 00:00:00,1410.0,4131,3059,494,296,170,112,58.04,,395.0,1347.0,34.0
164601,چالوس - مرزن آباد,1395/01/14 00:00:00,1395/01/15 00:00:00,1425.0,4931,4472,270,90,47,52,50.72,,142.0,771.0,39.0
164601,چالوس - مرزن آباد,1395/01/15 00:00:00,1395/01/16 00:00:00,1395.0,4004,3936,46,2,20,0,56.75,,253.0,1338.0,13.0
164601,چالوس - مرزن آباد,1395/01/16 00:00:00,1395/01/17 00:00:00,1405.0,1084,938,90,19,12,25,71.33,,67.0,303.0,8.0
164601,چالوس - مرزن آباد,1395/01/17 00:00:00,1395/01/18 00:00:00,1415.0,2814,2623,106,57,19,9,54.08,,94.0,399.0,17.0
164601,چالوس - مرزن آباد,1395/01/18 00:00:00,1395/01/19 00:00:00,1425.0,3178,3048,103,4,23,0,49.26,,0.0,176.0,18.0
164601,چالوس - مرزن آباد,1395/01/19 00:00:00,1395/01/20 00:00:00,1425.0,3873,3802,52,1,17,1,48.84,,0.0,220.0,16.0
164601,چالوس - مرزن آباد,1395/01/20 00:00:00,1395/01/21 00:00:00,1430.0,5325,5286,18,0,19,2,46.97,,0.0,367.0,15.0
164601,چالوس - مرزن آباد,1395/01/21 00:00:00,1395/01/22 00:00:00,1420.0,3264,2802,418,16,22,6,48.93,,18.0,636.0,23.0
164601,چالوس - مرزن آباد,1395/01/22 00:00:00,1395/01/23 00:00:00,1425.0,2789,2661,114,1,13,0,61.77,,246.0,1130.0,5.0
164601,چالوس - مرزن آباد,1395/01/23 00:00:00,1395/01/24 00:00:00,1425.0,2652,1985,656,9,2,0,61.58,,202.0,767.0,6.0
164601,چالوس - مرزن آباد,1395/01/24 00:05:00,1395/01/25 00:00:00,1410.0,2579,793,1766,15,5,0,57.54,,103.0,541.0,6.0
164601,چالوس - مرزن آباد,1395/01/25 00:00:00,1395/01/26 00:00:00,1430.0,3192,286,2869,19,17,1,54.08,,10.0,583.0,13.0
164601,چالوس - مرزن آباد,1395/01/26 00:00:00,1395/01/27 00:00:00,1430.0,4056,2126,1853,15,22,40,59.81,,213.0,1176.0,59.0
164601,چالوس - مرزن آباد,1395/01/27 00:00:00,1395/01/28 00:00:00,1430.0,4552,4428,110,0,14,0,61.08,,253.0,1469.0,18.0
164601,چالوس - مرزن آباد,1395/01/28 00:00:00,1395/01/29 00:00:00,1430.0,3059,2677,319,22,26,15,63.96,,259.0,922.0,38.0
164601,چالوس - مرزن آباد,1395/01/29 00:00:00,1395/01/30 00:00:00,1415.0,2040,1371,568,51,19,31,62.95,,134.0,201.0,8.0
164601,چالوس - مرزن آباد,1395/01/30 00:00:00,1395/01/31 00:00:00,1430.0,2666,2448,169,10,20,19,61.27,,89.0,542.0,105.0
164601,چالوس - مرزن آباد,1395/01/31 00:00:00,1395/02/01 00:00:00,1435.0,2898,2123,572,96,51,56,65.12,,252.0,648.0,32.0
