City,Population
Rasht,679995
Gorgan,350676
Sari,309820
Babol,250217
Amol,237528
Qaemshahr,204953
Semnan,185129
Gonbad,155910
Shahroud,150129
Aliabad,140709
Anzali,118564
Kalaleh,117319
Lahijan,101073
Behshahr,94702
Talesh,85000
Langarud,79445
Chalus,65196
Gomishan,61982
Neka,60991
Maraveh Tappeh,60953
Saravan,60014
Babolsar,59966
Tonekabon,55434
Bandar Torkaman,53970
Astara,51579
Nowshahr,49403
Someh Sara,47083
Azadshahr,43760
Kordkuy,39881
Khalkhal,39304
Fereydunkenar,38154
Rudsar,37998
Ramsar,35997
Fuman,35841
Aq Qala,35116
Kalachay,33636
Juybar,32924
Minudasht,30085
Nur,26947
Galikesh,23396
Pirbazar,21374
Galugah,21352
Khomam,20897
Siahkal,19924
Manjil,15630
Amlash,15444
Rudbar,14747
Kiashahr,14022
Rostamabad,13746
Abbasabad,13482
Kalardasht,13401
Lowshan,13032
Sangar,12583
Asalem,10720
Kuchesfahan,9450
Shirgah,8671
Pol-e Sefid,8294
Chaboksar,8224
Kiyakala,8040
Behnamir,7906
Se-rah-e Baladeh,7630
Gatab,7374
Astaneh,7166
Mahmudabad,6866
Marzanabad,6698
Kalarabad,6267
Zagheh Marz,5932
Lakan,5314
Bazar Jomeh,4493
Se-rah-e Yasaqi,4093
Garmab,3823
Rezvanshahr,3606
Ziabar,3388
Kiasar,3384
Punel,2892
Marzpol,2494
Incheh Borun,2494
Shaqaji,2392
Imamzadeh Hashem,2286
Amirabad Port,2222
Khazarabad,2027
Dabudsht,1758
Deylaman,1729
Jirdeh,1476
Veresk,1460
Tangrah,1325
Hasanrud,1266
Makarud,930
Shakta,888
Kalan Kalaye,418
Masouleh,393
Khosh Yeylagh,362
Gazanak,319
Polur,302
Aq Chay,300
Shahzeyd,209
Panjab,205
Gilvan,204
Se-rah-e Sangchal,201
Siah Bisheh,159
Hazarcham,134
Gaduk,133
Doab,108
Garzin Kheil,70
Ghazvin,0
Gilan Border,0
Golestan Forest,0
Imamzadeh Hashem Tehran,0
Kandovan,0
Park Jangali,0
Se-rah-e Kalaleh,0
Sisangan,0