Road Code,Road Name,Start Time,End Time,Total Number of Vehicles,Number of Class 1 Vehicles,Number of Class 2 Vehicles,Number of Class 3 Vehicles,Number of Class 4 Vehicles,Number of Class 5 Vehicles,Average Speed,Number of Illegal Speed Violations,Number of Illegal Distance Violations,Number of Illegal Overtaking Violations,Estimated Number,Length of Operation (minutes)
543553,آزادراه قزوين - لوشان,1396/01/01 00:10:00,1396/01/02 00:00:00,39918,39067,468,14,20,349,87.5,12834.0,12653.0,0.0,40261.0,1425.0
543553,آزادراه قزوين - لوشان,1396/01/02 00:00:00,1396/01/02 23:45:00,35240,34331,513,18,35,343,88.26,11350.0,11195.0,0.0,38087.0,1360.0
543553,آزادراه قزوين - لوشان,1396/01/03 00:10:00,1396/01/03 23:45:00,31124,30278,406,20,32,388,83.74,7134.0,7003.0,0.0,31363.0,1415.0
543553,آزادراه قزوين - لوشان,1396/01/04 00:10:00,1396/01/05 00:00:00,28165,27466,330,17,30,322,90.77,6406.0,6281.0,0.0,29023.0,1405.0
543553,آزادراه قزوين - لوشان,1396/01/05 00:00:00,1396/01/06 00:00:00,30031,29360,324,10,28,309,93.63,7441.0,7295.0,0.0,30068.0,1435.0
543553,آزادراه قزوين - لوشان,1396/01/06 00:00:00,1396/01/07 00:00:00,34100,33279,461,19,30,311,91.48,9629.0,9482.0,0.0,34276.0,1435.0
543553,آزادراه قزوين - لوشان,1396/01/07 00:00:00,1396/01/07 23:45:00,38019,37042,602,27,30,318,90.45,11567.0,11390.0,0.0,38537.0,1415.0
543553,آزادراه قزوين - لوشان,1396/01/08 00:10:00,1396/01/08 23:45:00,34169,33197,602,17,27,326,91.37,9082.0,8916.0,0.0,34733.0,1410.0
543553,آزادراه قزوين - لوشان,1396/01/09 00:10:00,1396/01/10 00:00:00,30739,29872,500,19,31,317,93.55,7151.0,6974.0,0.0,30998.0,1425.0
543553,آزادراه قزوين - لوشان,1396/01/10 00:00:00,1396/01/11 00:00:00,26176,25466,355,10,19,326,93.61,4951.0,4797.0,0.0,26579.0,1425.0
543553,آزادراه قزوين - لوشان,1396/01/11 00:00:00,1396/01/11 23:45:00,20168,19514,216,11,20,407,93.82,2888.0,2721.0,0.0,20968.0,1390.0
543553,آزادراه قزوين - لوشان,1396/01/12 00:10:00,1396/01/12 23:45:00,11893,11290,117,9,21,456,92.84,1010.0,895.0,0.0,12233.0,1400.0
543553,آزادراه قزوين - لوشان,1396/01/13 00:20:00,1396/01/13 23:45:00,6259,5864,62,2,8,323,93.96,440.0,314.0,0.0,6864.0,1320.0
543553,آزادراه قزوين - لوشان,1396/01/14 00:10:00,1396/01/15 00:00:00,8838,8043,88,3,21,683,88.91,717.0,386.0,0.0,8875.0,1430.0
543553,آزادراه قزوين - لوشان,1396/01/15 00:00:00,1396/01/15 23:50:00,8352,7868,92,5,14,373,95.47,597.0,459.0,0.0,8606.0,1405.0
543553,آزادراه قزوين - لوشان,1396/01/16 00:10:00,1396/01/16 23:50:00,10085,9653,108,6,17,301,96.3,771.0,619.0,0.0,10224.0,1415.0
543553,آزادراه قزوين - لوشان,1396/01/17 00:10:00,1396/01/17 23:45:00,10885,10457,143,6,10,269,96.97,946.0,742.0,0.0,15283.0,1395.0
543553,آزادراه قزوين - لوشان,1396/01/18 00:10:00,1396/01/18 23:45:00,9249,8827,96,2,11,313,94.38,626.0,505.0,0.0,9604.0,1390.0
543553,آزادراه قزوين - لوشان,1396/01/19 00:15:00,1396/01/19 23:45:00,7605,7236,93,4,11,261,94.76,476.0,347.0,0.0,8027.0,1365.0
543553,آزادراه قزوين - لوشان,1396/01/20 00:10:00,1396/01/20 23:45:00,7895,7522,116,7,13,237,95.21,509.0,361.0,0.0,8005.0,1415.0
543553,آزادراه قزوين - لوشان,1396/01/21 00:10:00,1396/01/22 00:00:00,11140,10764,145,2,14,215,97.74,1067.0,858.0,0.0,12494.0,1395.0
543553,آزادراه قزوين - لوشان,1396/01/22 00:00:00,1396/01/22 23:45:00,14270,13749,232,6,20,263,97.18,1539.0,1321.0,0.0,14837.0,1395.0
543553,آزادراه قزوين - لوشان,1396/01/23 00:10:00,1396/01/24 00:00:00,11155,10796,130,7,9,213,96.97,992.0,802.0,0.0,11416.0,1405.0
543553,آزادراه قزوين - لوشان,1396/01/24 00:00:00,1396/01/24 23:45:00,13100,12706,136,5,12,241,97.11,1254.0,1046.0,0.0,16150.0,1425.0
543553,آزادراه قزوين - لوشان,1396/01/25 00:10:00,1396/01/25 23:45:00,9969,9572,124,5,5,263,96.97,744.0,564.0,0.0,10346.0,1390.0
543553,آزادراه قزوين - لوشان,1396/01/26 00:20:00,1396/01/26 23:45:00,7878,7545,72,6,8,247,95.52,464.0,314.0,0.0,8073.0,1405.0
543553,آزادراه قزوين - لوشان,1396/01/27 00:20:00,1396/01/28 00:00:00,7276,6963,73,6,8,226,97.48,481.0,283.0,0.0,7384.0,1415.0
543553,آزادراه قزوين - لوشان,1396/01/28 00:00:00,1396/01/28 23:45:00,7699,7347,93,5,11,243,95.7,517.0,370.0,0.0,7763.0,1425.0
543553,آزادراه قزوين - لوشان,1396/01/29 00:10:00,1396/01/29 23:45:00,8796,8432,113,5,9,237,96.06,664.0,488.0,0.0,8965.0,1410.0
543553,آزادراه قزوين - لوشان,1396/01/30 00:10:00,1396/01/31 00:00:00,13174,12710,202,10,13,239,97.1,1433.0,1200.0,0.0,13484.0,1405.0
543553,آزادراه قزوين - لوشان,1396/01/31 00:00:00,1396/01/31 23:50:00,15940,15441,222,6,16,255,98.07,1725.0,1417.0,0.0,19316.0,1430.0
543553,آزادراه قزوين - لوشان,1395/01/01 00:00:00,1395/01/02 02:00:00,32339,30293,1576,227,163,80,86.2,11268.0,8031.0,0.0,,1485.0
543553,آزادراه قزوين - لوشان,1395/01/02 02:00:00,1395/01/03 00:00:00,36425,33723,2154,271,162,115,81.97,9112.0,11817.0,0.0,,1320.0
543553,آزادراه قزوين - لوشان,1395/01/03 00:00:00,1395/01/04 00:00:00,30735,29029,1360,165,113,68,84.94,9032.0,9500.0,0.0,,1410.0
543553,آزادراه قزوين - لوشان,1395/01/04 00:00:00,1395/01/05 00:00:00,31901,26884,4301,481,159,76,90.94,15156.0,9208.0,0.0,,1440.0
543553,آزادراه قزوين - لوشان,1395/01/05 00:00:00,1395/01/06 00:00:00,30743,29278,1108,163,120,74,88.55,10880.0,8092.0,0.0,,1440.0
543553,آزادراه قزوين - لوشان,1395/01/06 00:00:00,1395/01/07 00:00:00,27716,25980,1406,146,143,41,89.55,11425.0,7229.0,0.0,,1365.0
543553,آزادراه قزوين - لوشان,1395/01/07 00:00:00,1395/01/08 00:00:00,25617,24122,1101,185,132,77,86.35,8711.0,6548.0,0.0,,1320.0
543553,آزادراه قزوين - لوشان,1395/01/08 00:00:00,1395/01/09 00:00:00,25304,23833,1107,162,135,67,83.82,6950.0,5470.0,0.0,,1380.0
543553,آزادراه قزوين - لوشان,1395/01/09 00:00:00,1395/01/10 00:00:00,22618,20022,2059,348,130,59,89.0,9093.0,4209.0,0.0,,1425.0
543553,آزادراه قزوين - لوشان,1395/01/10 00:00:00,1395/01/11 00:00:00,14421,12936,1186,193,88,18,87.57,5533.0,1885.0,0.0,,1440.0
543553,آزادراه قزوين - لوشان,1395/01/11 00:00:00,1395/01/12 00:00:00,12545,10204,1914,236,142,49,94.32,7357.0,1524.0,0.0,,1440.0
543553,آزادراه قزوين - لوشان,1395/01/12 00:00:00,1395/01/13 00:00:00,10336,8922,954,229,173,58,92.17,5456.0,904.0,0.0,,1440.0
543553,آزادراه قزوين - لوشان,1395/01/13 00:00:00,1395/01/14 00:00:00,5880,4895,618,186,119,62,92.58,3287.0,250.0,0.0,,1440.0
543553,آزادراه قزوين - لوشان,1395/01/14 00:00:00,1395/01/15 00:00:00,6408,4932,1015,238,141,82,88.42,2805.0,389.0,0.0,,1440.0
543553,آزادراه قزوين - لوشان,1395/01/15 00:00:00,1395/01/16 00:00:00,7101,6547,263,157,111,23,91.54,3508.0,353.0,0.0,,1440.0
543553,آزادراه قزوين - لوشان,1395/01/16 00:00:00,1395/01/17 00:00:00,6419,5950,229,133,89,18,92.29,3155.0,270.0,0.0,,1440.0
543553,آزادراه قزوين - لوشان,1395/01/17 00:00:00,1395/01/18 00:00:00,7176,6715,233,128,89,11,92.13,3643.0,305.0,0.0,,1440.0
543553,آزادراه قزوين - لوشان,1395/01/18 00:00:00,1395/01/19 00:00:00,9193,8602,397,121,57,16,93.0,5247.0,619.0,0.0,,1440.0
543553,آزادراه قزوين - لوشان,1395/01/19 00:00:00,1395/01/20 00:00:00,10459,9762,470,132,73,22,93.07,5575.0,703.0,0.0,,1410.0
543553,آزادراه قزوين - لوشان,1395/01/20 00:00:00,1395/01/21 00:00:00,8868,8055,551,153,98,11,93.35,4813.0,507.0,0.0,,1440.0
543553,آزادراه قزوين - لوشان,1395/01/21 00:00:00,1395/01/22 00:00:00,6693,6202,291,103,74,23,91.77,3486.0,289.0,0.0,,1440.0
543553,آزادراه قزوين - لوشان,1395/01/22 00:00:00,1395/01/23 00:00:00,6906,6323,347,129,81,26,92.61,3742.0,266.0,0.0,,1440.0
543553,آزادراه قزوين - لوشان,1395/01/23 00:00:00,1395/01/24 00:00:00,7253,6555,463,147,75,13,91.72,3717.0,315.0,0.0,,1440.0
543553,آزادراه قزوين - لوشان,1395/01/24 00:00:00,1395/01/25 00:00:00,7647,6590,810,141,95,11,92.65,4128.0,395.0,0.0,,1440.0
543553,آزادراه قزوين - لوشان,1395/01/25 00:00:00,1395/01/25 22:00:00,10647,9506,803,191,104,43,95.85,6165.0,956.0,0.0,,1320.0
543553,آزادراه قزوين - لوشان,1395/01/26 00:00:00,1395/01/27 00:00:00,11771,10102,1366,181,113,9,97.4,7532.0,894.0,0.0,,1440.0
543553,آزادراه قزوين - لوشان,1395/01/27 00:00:00,1395/01/28 00:00:00,8145,6542,1325,148,116,14,97.92,5422.0,422.0,0.0,,1440.0
543553,آزادراه قزوين - لوشان,1395/01/28 00:00:00,1395/01/29 00:00:00,6967,5590,1106,174,88,9,96.67,4516.0,295.0,0.0,,1440.0
543553,آزادراه قزوين - لوشان,1395/01/29 00:00:00,1395/01/30 00:00:00,4026,3763,135,63,48,17,91.4,2157.0,124.0,0.0,,1155.0
543553,آزادراه قزوين - لوشان,1395/01/30 00:00:00,1395/01/31 00:00:00,4926,4125,565,161,61,14,89.65,2385.0,208.0,0.0,,1410.0
543553,آزادراه قزوين - لوشان,1395/01/31 00:00:00,1395/02/01 00:00:00,8228,7680,368,118,59,3,93.27,4582.0,547.0,0.0,,1440.0
543553,آزادراه قزوين - لوشان,1395/12/01 00:10:00,1395/12/02 00:00:00,3368,3192,40,5,4,127,94.87,2046.0,103.0,0.0,4066.0,1310.0
543553,آزادراه قزوين - لوشان,1395/12/02 00:15:00,1395/12/03 00:00:00,5364,5098,58,13,9,186,94.05,3075.0,227.0,0.0,5478.0,1410.0
543553,آزادراه قزوين - لوشان,1395/12/03 00:15:00,1395/12/04 00:00:00,6519,6219,92,16,17,175,94.57,3977.0,321.0,0.0,6620.0,1415.0
543553,آزادراه قزوين - لوشان,1395/12/04 00:15:00,1395/12/04 20:00:00,7421,7062,152,16,10,181,95.72,4525.0,516.0,0.0,9430.0,1170.0
543553,آزادراه قزوين - لوشان,1395/12/05 00:15:00,1395/12/06 00:00:00,9588,9260,123,8,27,170,94.33,5806.0,652.0,0.0,9819.0,1410.0
543553,آزادراه قزوين - لوشان,1395/12/06 00:15:00,1395/12/07 00:00:00,7810,7469,104,12,19,206,95.37,4990.0,485.0,0.0,7980.0,1410.0
543553,آزادراه قزوين - لوشان,1395/12/07 00:15:00,1395/12/08 00:00:00,5833,5564,66,3,9,191,93.13,3353.0,274.0,0.0,6160.0,1330.0
543553,آزادراه قزوين - لوشان,1395/12/08 00:15:00,1395/12/08 18:05:00,4845,4626,61,9,7,142,92.43,2611.0,202.0,0.0,6499.0,1055.0
543553,آزادراه قزوين - لوشان,1395/12/09 00:15:00,1395/12/10 00:00:00,6449,6152,93,8,10,186,94.0,3856.0,314.0,0.0,6599.0,1410.0
543553,آزادراه قزوين - لوشان,1395/12/10 00:15:00,1395/12/11 00:00:00,6303,6056,64,10,12,161,94.17,3851.0,304.0,0.0,7493.0,1290.0
543553,آزادراه قزوين - لوشان,1395/12/11 00:15:00,1395/12/11 23:55:00,12151,11725,210,7,16,193,95.59,3860.0,1125.0,0.0,12678.0,1370.0
543553,آزادراه قزوين - لوشان,1395/12/12 00:10:00,1395/12/12 23:45:00,12185,11771,205,6,16,187,94.97,1989.0,998.0,0.0,12663.0,1390.0
543553,آزادراه قزوين - لوشان,1395/12/13 00:10:00,1395/12/13 23:45:00,7798,7490,96,6,10,196,94.8,971.0,445.0,0.0,9277.0,1405.0
543553,آزادراه قزوين - لوشان,1395/12/14 00:10:00,1395/12/14 23:45:00,6629,6325,85,6,7,206,93.34,702.0,293.0,0.0,6882.0,1390.0
543553,آزادراه قزوين - لوشان,1395/12/15 00:10:00,1395/12/15 23:45:00,6108,5837,73,5,10,183,91.48,443.0,227.0,0.0,6351.0,1390.0
543553,آزادراه قزوين - لوشان,1395/12/16 00:10:00,1395/12/16 23:45:00,6283,6005,72,5,4,197,94.28,567.0,254.0,0.0,6527.0,1390.0
543553,آزادراه قزوين - لوشان,1395/12/17 00:10:00,1395/12/18 00:00:00,6579,6279,91,6,11,192,94.31,571.0,301.0,0.0,6775.0,1405.0
543553,آزادراه قزوين - لوشان,1395/12/18 00:00:00,1395/12/18 18:10:00,4408,4223,52,4,3,126,93.87,354.0,277.0,0.0,8193.0,1090.0
543553,آزادراه قزوين - لوشان,1395/12/19 00:25:00,1395/12/19 23:55:00,9261,8926,89,11,10,225,95.28,800.0,578.0,0.0,12141.0,1365.0
543553,آزادراه قزوين - لوشان,1395/12/20 00:30:00,1395/12/20 23:55:00,8331,8031,72,9,10,209,94.78,688.0,512.0,0.0,8725.0,1310.0
543553,آزادراه قزوين - لوشان,1395/12/21 00:20:00,1395/12/21 23:45:00,8759,8411,88,3,9,248,94.32,559.0,416.0,0.0,10302.0,1390.0
543553,آزادراه قزوين - لوشان,1395/12/22 00:10:00,1395/12/22 23:50:00,8929,8581,91,11,8,238,94.87,630.0,465.0,0.0,11874.0,1400.0
543553,آزادراه قزوين - لوشان,1395/12/23 00:10:00,1395/12/23 23:50:00,9945,9567,104,10,11,253,95.19,741.0,563.0,0.0,11316.0,1400.0
543553,آزادراه قزوين - لوشان,1395/12/24 00:10:00,1395/12/24 23:50:00,11510,11092,121,15,9,273,94.06,906.0,744.0,0.0,13840.0,1400.0
543553,آزادراه قزوين - لوشان,1395/12/25 00:10:00,1395/12/25 23:50:00,16054,15545,194,19,21,275,95.99,1847.0,1651.0,0.0,16511.0,1400.0
543553,آزادراه قزوين - لوشان,1395/12/26 00:10:00,1395/12/27 00:00:00,24813,24142,276,14,20,361,94.92,4106.0,3895.0,0.0,25390.0,1405.0
543553,آزادراه قزوين - لوشان,1395/12/27 00:00:00,1395/12/27 23:50:00,29743,28950,366,28,30,369,93.22,6796.0,6589.0,0.0,29832.0,1430.0
543553,آزادراه قزوين - لوشان,1395/12/28 00:10:00,1395/12/29 00:00:00,29236,28550,310,12,22,342,93.6,5679.0,5513.0,0.0,29845.0,1410.0
543553,آزادراه قزوين - لوشان,1395/12/29 00:00:00,1395/12/29 23:45:00,36593,35627,565,25,36,340,88.19,10576.0,10431.0,0.0,43469.0,1245.0
543553,آزادراه قزوين - لوشان,1395/12/30 00:10:00,1395/12/30 23:45:00,28287,27675,317,11,32,252,89.58,6496.0,6398.0,0.0,32491.0,1220.0
543553,آزادراه قزوين - لوشان,1397/01/01 00:00:00,1397/01/02 00:00:00,56197,55144,433,242,349,29,83.0,2613.0,29038.0,0.0,56197.0,1440.0
543553,آزادراه قزوين - لوشان,1397/01/02 00:00:00,1397/01/03 00:00:00,50091,49044,416,216,371,44,82.0,2154.0,25452.0,0.0,51328.0,1380.0
543553,آزادراه قزوين - لوشان,1397/01/03 00:00:00,1397/01/04 00:00:00,47036,46042,346,235,381,32,85.0,2219.0,21796.0,0.0,47036.0,1440.0
543553,آزادراه قزوين - لوشان,1397/01/04 00:00:00,1397/01/05 00:00:00,43373,42411,347,214,369,32,88.0,2939.0,19063.0,0.0,43373.0,1440.0
543553,آزادراه قزوين - لوشان,1397/01/05 00:00:00,1397/01/06 00:00:00,39716,38511,504,290,375,36,87.0,2805.0,16630.0,0.0,39716.0,1440.0
543553,آزادراه قزوين - لوشان,1397/01/06 00:00:00,1397/01/07 00:00:00,43293,42038,511,296,403,45,87.0,2977.0,19263.0,0.0,43293.0,1440.0
543553,آزادراه قزوين - لوشان,1397/01/07 00:00:00,1397/01/08 00:00:00,50542,49265,519,308,405,45,84.0,2626.0,24373.0,0.0,50542.0,1440.0
543553,آزادراه قزوين - لوشان,1397/01/08 00:00:00,1397/01/09 00:00:00,47180,45762,576,375,411,56,87.0,3061.0,21516.0,0.0,47180.0,1440.0
543553,آزادراه قزوين - لوشان,1397/01/09 00:00:00,1397/01/10 00:00:00,41932,40805,432,244,396,55,90.0,3575.0,16407.0,0.0,41932.0,1440.0
543553,آزادراه قزوين - لوشان,1397/01/10 00:00:00,1397/01/11 00:00:00,32559,31422,407,278,388,64,91.0,3527.0,10153.0,0.0,32559.0,1440.0
543553,آزادراه قزوين - لوشان,1397/01/11 00:00:00,1397/01/12 00:00:00,25493,24700,226,173,350,44,93.0,3423.0,6695.0,0.0,25493.0,1440.0
543553,آزادراه قزوين - لوشان,1397/01/12 00:00:00,1397/01/13 00:00:00,17529,16891,101,104,391,42,95.0,2670.0,3163.0,0.0,17529.0,1440.0
543553,آزادراه قزوين - لوشان,1397/01/13 00:00:00,1397/01/14 00:00:00,8695,8214,82,89,276,34,94.0,1527.0,893.0,0.0,8695.0,1440.0
543553,آزادراه قزوين - لوشان,1397/01/14 00:00:00,1397/01/15 00:00:00,10970,10286,148,134,359,43,93.0,1836.0,1466.0,0.0,10970.0,1440.0
543553,آزادراه قزوين - لوشان,1397/01/15 00:00:00,1397/01/16 00:00:00,12152,11612,79,105,308,48,96.0,2389.0,1614.0,0.0,12152.0,1440.0
543553,آزادراه قزوين - لوشان,1397/01/16 00:00:00,1397/01/17 00:00:00,11784,11276,90,91,291,36,97.0,2512.0,1489.0,0.0,11784.0,1440.0
543553,آزادراه قزوين - لوشان,1397/01/17 00:00:00,1397/01/18 00:00:00,11397,10870,66,88,325,48,97.0,2315.0,1430.0,0.0,11397.0,1440.0
543553,آزادراه قزوين - لوشان,1397/01/18 00:00:00,1397/01/19 00:00:00,9291,8879,50,67,249,46,96.0,1920.0,918.0,0.0,9291.0,1440.0
543553,آزادراه قزوين - لوشان,1397/01/19 00:00:00,1397/01/20 00:00:00,8653,8271,62,59,232,29,95.0,1758.0,854.0,0.0,8653.0,1440.0
543553,آزادراه قزوين - لوشان,1397/01/20 00:00:00,1397/01/21 00:00:00,8836,8467,72,70,195,32,96.0,1873.0,831.0,0.0,8836.0,1440.0
543553,آزادراه قزوين - لوشان,1397/01/21 00:00:00,1397/01/22 00:00:00,10286,9864,101,75,213,33,96.0,2112.0,1154.0,0.0,10286.0,1440.0
543553,آزادراه قزوين - لوشان,1397/01/22 00:00:00,1397/01/23 00:00:00,21455,20830,195,136,258,36,96.0,3966.0,5600.0,0.0,21455.0,1440.0
543553,آزادراه قزوين - لوشان,1397/01/23 00:00:00,1397/01/24 00:00:00,36246,35259,419,229,291,48,95.0,5885.0,12939.0,0.0,36246.0,1440.0
543553,آزادراه قزوين - لوشان,1397/01/24 00:00:00,1397/01/25 00:00:00,19811,19154,219,123,274,41,96.0,3947.0,3984.0,0.0,19811.0,1440.0
543553,آزادراه قزوين - لوشان,1397/01/25 00:00:00,1397/01/26 00:00:00,12141,11645,136,90,247,23,94.0,2051.0,1656.0,0.0,12141.0,1440.0
543553,آزادراه قزوين - لوشان,1397/01/26 00:00:00,1397/01/27 00:00:00,9179,8830,50,41,231,27,96.0,1931.0,892.0,0.0,9179.0,1440.0
543553,آزادراه قزوين - لوشان,1397/01/27 00:00:00,1397/01/28 00:00:00,7689,7369,32,55,202,31,95.0,1699.0,647.0,0.0,7689.0,1440.0
543553,آزادراه قزوين - لوشان,1397/01/28 00:00:00,1397/01/29 00:00:00,9374,9017,56,72,199,30,95.0,1858.0,951.0,0.0,9374.0,1440.0
543553,آزادراه قزوين - لوشان,1397/01/29 00:00:00,1397/01/30 00:00:00,14166,13734,79,95,237,21,97.0,3219.0,2091.0,0.0,14166.0,1440.0
543553,آزادراه قزوين - لوشان,1397/01/30 00:00:00,1397/01/31 00:00:00,15567,14996,177,120,234,40,96.0,3180.0,2355.0,0.0,15567.0,1440.0
543553,آزادراه قزوين - لوشان,1397/01/31 00:00:00,1397/02/01 00:00:00,11666,11117,169,98,255,27,94.0,2184.0,1465.0,0.0,11666.0,1440.0
543553,آزادراه قزوين - لوشان,1396/12/01 00:00:00,1396/12/02 00:00:00,17444,16951,144,35,90,224,97.0,3467.0,3344.0,0.0,17444.0,1440.0
543553,آزادراه قزوين - لوشان,1396/12/02 00:00:00,1396/12/02 10:45:00,3423,3251,42,7,40,83,95.0,656.0,310.0,0.0,19239.0,645.0
543553,آزادراه قزوين - لوشان,1396/12/23 11:25:00,1396/12/24 00:00:00,9302,9074,30,38,138,22,97.0,1971.0,1460.0,0.0,14869.0,755.0
543553,آزادراه قزوين - لوشان,1396/12/24 00:00:00,1396/12/25 00:00:00,18697,18190,109,108,275,15,96.0,3189.0,3275.0,0.0,18697.0,1440.0
543553,آزادراه قزوين - لوشان,1396/12/25 00:00:00,1396/12/26 00:00:00,17540,17041,68,101,310,20,94.0,2397.0,3098.0,0.0,17540.0,1440.0
543553,آزادراه قزوين - لوشان,1396/12/26 00:00:00,1396/12/27 00:00:00,17912,17443,88,95,263,23,93.0,2390.0,3220.0,0.0,17912.0,1440.0
543553,آزادراه قزوين - لوشان,1396/12/27 00:00:00,1396/12/28 00:00:00,28513,27903,132,139,311,28,94.0,3794.0,7887.0,0.0,28513.0,1440.0
543553,آزادراه قزوين - لوشان,1396/12/28 00:00:00,1396/12/29 00:00:00,45352,44490,274,197,359,32,89.0,3658.0,18675.0,0.0,45352.0,1440.0
543553,آزادراه قزوين - لوشان,1396/12/29 00:00:00,1397/01/01 00:00:00,52516,51513,351,213,400,39,83.0,2892.0,25862.0,0.0,52516.0,1440.0
543553,آزادراه قزوين - رشت (مرز استان - لوشان),1397/12/01 00:00:00,1397/12/02 00:00:00,14363,14089,58,21,55,140,99.0,350.0,2470.0,0.0,15367.0,1055.0
543553,آزادراه قزوين - رشت (مرز استان - لوشان),1397/12/02 00:00:00,1397/12/03 00:00:00,17352,17008,89,30,63,162,99.0,421.0,3009.0,0.0,17961.0,1200.0
543553,آزادراه قزوين - رشت (مرز استان - لوشان),1397/12/03 00:00:00,1397/12/04 00:00:00,12314,11963,61,35,66,189,97.0,240.0,1727.0,0.0,12846.0,1175.0
543553,آزادراه قزوين - رشت (مرز استان - لوشان),1397/12/04 00:00:00,1397/12/05 00:00:00,10337,10015,45,20,73,184,95.0,195.0,1078.0,0.0,10490.0,1240.0
543553,آزادراه قزوين - رشت (مرز استان - لوشان),1397/12/05 00:00:00,1397/12/06 00:00:00,9719,9388,65,26,55,185,96.0,222.0,971.0,0.0,10009.0,1255.0
543553,آزادراه قزوين - رشت (مرز استان - لوشان),1397/12/06 00:00:00,1397/12/07 00:00:00,8738,8413,70,26,73,156,96.0,207.0,878.0,0.0,9532.0,1150.0
543553,آزادراه قزوين - رشت (مرز استان - لوشان),1397/12/07 00:00:00,1397/12/08 00:00:00,10690,10360,63,33,74,160,96.0,235.0,1224.0,0.0,10987.0,1195.0
543553,آزادراه قزوين - رشت (مرز استان - لوشان),1397/12/08 00:00:00,1397/12/08 22:45:00,13810,13453,72,25,83,177,99.0,348.0,2318.0,0.0,15329.0,1125.0
543553,آزادراه قزوين - رشت (مرز استان - لوشان),1397/12/09 08:10:00,1397/12/09 22:35:00,12780,12558,41,14,46,121,99.0,246.0,2385.0,0.0,16079.0,865.0
543553,آزادراه قزوين - رشت (مرز استان - لوشان),1397/12/10 08:50:00,1397/12/10 23:10:00,9878,9631,40,16,51,140,96.0,162.0,1470.0,0.0,11917.0,860.0
543553,آزادراه قزوين - رشت (مرز استان - لوشان),1397/12/11 07:00:00,1397/12/12 00:00:00,9274,9014,41,22,61,136,96.0,162.0,1160.0,0.0,10333.0,1020.0
543553,آزادراه قزوين - رشت (مرز استان - لوشان),1397/12/12 00:00:00,1397/12/13 00:00:00,10368,10008,87,29,52,192,96.0,247.0,1052.0,0.0,10449.0,1355.0
543553,آزادراه قزوين - رشت (مرز استان - لوشان),1397/12/13 00:00:00,1397/12/14 00:00:00,9545,9176,71,29,83,186,96.0,242.0,938.0,0.0,10231.0,1285.0
543553,آزادراه قزوين - رشت (مرز استان - لوشان),1397/12/14 00:00:00,1397/12/15 00:00:00,11064,10708,88,26,78,164,97.0,262.0,1290.0,0.0,11331.0,1240.0
543553,آزادراه قزوين - رشت (مرز استان - لوشان),1397/12/15 00:00:00,1397/12/16 00:00:00,16732,16121,127,109,100,275,97.0,350.0,2889.0,0.0,16749.0,1375.0
543553,آزادراه قزوين - رشت (مرز استان - لوشان),1397/12/16 00:00:00,1397/12/17 00:00:00,18038,17620,96,33,92,197,98.0,438.0,3009.0,0.0,18300.0,1380.0
543553,آزادراه قزوين - رشت (مرز استان - لوشان),1397/12/17 00:00:00,1397/12/17 17:20:00,7929,7663,46,24,49,147,96.0,119.0,944.0,0.0,13170.0,945.0
543553,آزادراه قزوين - رشت (مرز استان - لوشان),1397/12/18 07:40:00,1397/12/19 00:00:00,8321,8060,56,17,33,155,97.0,207.0,891.0,0.0,10298.0,980.0
543553,آزادراه قزوين - رشت (مرز استان - لوشان),1397/12/19 00:00:00,1397/12/20 00:00:00,10528,10167,78,31,75,177,96.0,238.0,1138.0,0.0,11327.0,1350.0
543553,آزادراه قزوين - رشت (مرز استان - لوشان),1397/12/20 00:00:00,1397/12/21 00:00:00,10443,10029,88,44,76,206,96.0,252.0,1096.0,0.0,12194.0,1385.0
543553,آزادراه قزوين - رشت (مرز استان - لوشان),1397/12/21 00:00:00,1397/12/22 00:00:00,9288,8988,64,26,54,156,97.0,235.0,1106.0,0.0,12009.0,1000.0
543553,آزادراه قزوين - رشت (مرز استان - لوشان),1397/12/22 00:00:00,1397/12/23 00:00:00,16154,15665,125,51,86,227,96.0,322.0,2372.0,0.0,16154.0,1440.0
543553,آزادراه قزوين - رشت (مرز استان - لوشان),1397/12/23 00:00:00,1397/12/24 00:00:00,19147,18671,120,32,101,223,98.0,484.0,3159.0,0.0,19147.0,1440.0
543553,آزادراه قزوين - رشت (مرز استان - لوشان),1397/12/24 00:00:00,1397/12/25 00:00:00,15275,14816,83,44,98,234,95.0,254.0,2222.0,0.0,15275.0,1440.0
543553,آزادراه قزوين - رشت (مرز استان - لوشان),1397/12/25 00:00:00,1397/12/26 00:00:00,15000,14557,95,29,100,219,96.0,262.0,2199.0,0.0,15000.0,1440.0
543553,آزادراه قزوين - رشت (مرز استان - لوشان),1397/12/26 00:00:00,1397/12/27 00:00:00,18962,18455,135,47,106,219,91.0,140.0,3077.0,0.0,19047.0,1435.0
543553,آزادراه قزوين - رشت (مرز استان - لوشان),1397/12/27 00:00:00,1397/12/28 00:00:00,25571,25169,108,50,88,156,95.0,182.0,8134.0,0.0,30893.0,1070.0
543553,آزادراه قزوين - رشت (مرز استان - لوشان),1397/12/28 00:00:00,1397/12/29 00:00:00,45362,44676,184,69,150,283,93.0,262.0,18416.0,0.0,45580.0,1435.0
543553,آزادراه قزوين - رشت (مرز استان - لوشان),1397/12/29 00:00:00,1398/01/01 00:00:00,45511,44883,163,70,172,223,85.0,188.0,21257.0,0.0,46994.0,1270.0
543553,آزادراه قزوين - رشت (مرز استان - لوشان),1401/12/01 00:00:00,1401/12/02 00:00:00,13876,13228,483,29,104,32,89.0,280.0,652.0,0.0,13954.0,1430.0
543553,آزادراه قزوين - رشت (مرز استان - لوشان),1401/12/02 00:00:00,1401/12/03 00:00:00,14170,12996,991,32,117,34,94.0,566.0,876.0,0.0,15277.0,1355.0
543553,آزادراه قزوين - رشت (مرز استان - لوشان),1401/12/03 00:00:00,1401/12/04 00:00:00,19376,18296,902,20,111,47,96.0,523.0,1528.0,0.0,20220.0,1400.0
543553,آزادراه قزوين - رشت (مرز استان - لوشان),1401/12/04 00:00:00,1401/12/05 00:00:00,20357,19544,620,36,120,37,96.0,507.0,1586.0,0.0,21783.0,1360.0
543553,آزادراه قزوين - رشت (مرز استان - لوشان),1401/12/05 00:00:00,1401/12/06 00:00:00,15128,14755,189,38,129,17,94.0,262.0,807.0,0.0,15905.0,1375.0
543553,آزادراه قزوين - رشت (مرز استان - لوشان),1401/12/06 00:00:00,1401/12/06 19:50:00,10972,9930,868,29,98,47,95.0,471.0,548.0,0.0,13564.0,1165.0
543553,آزادراه قزوين - رشت (مرز استان - لوشان),1398/01/01 00:00:00,1398/01/02 00:00:00,48611,48014,205,76,118,198,89.0,232.0,22935.0,0.0,49307.0,1415.0
543553,آزادراه قزوين - رشت (مرز استان - لوشان),1398/01/02 00:00:00,1398/01/03 00:00:00,49972,49331,181,81,139,240,86.0,171.0,25256.0,0.0,50950.0,1380.0
543553,آزادراه قزوين - رشت (مرز استان - لوشان),1398/01/03 00:00:00,1398/01/04 00:00:00,48314,47637,191,60,171,255,87.0,186.0,23214.0,0.0,48314.0,1440.0
543553,آزادراه قزوين - رشت (مرز استان - لوشان),1398/01/04 00:00:00,1398/01/04 23:25:00,39186,38647,121,53,141,224,90.0,161.0,16048.0,0.0,39664.0,1405.0
543553,آزادراه قزوين - رشت (مرز استان - لوشان),1398/01/05 14:35:00,1398/01/05 17:50:00,3407,3371,11,6,10,9,83.0,3.0,1364.0,0.0,36431.0,130.0
543553,آزادراه قزوين - رشت (مرز استان - لوشان),1398/01/06 08:35:00,1398/01/06 16:35:00,7276,7149,28,9,34,56,93.0,23.0,2150.0,0.0,29642.0,340.0
543553,آزادراه قزوين - رشت (مرز استان - لوشان),1398/01/07 08:10:00,1398/01/08 00:00:00,35349,34919,126,63,108,133,91.0,106.0,17233.0,0.0,41110.0,950.0
543553,آزادراه قزوين - رشت (مرز استان - لوشان),1398/01/08 00:00:00,1398/01/09 00:00:00,43917,43345,151,61,133,227,89.0,161.0,20139.0,0.0,44918.0,1380.0
543553,آزادراه قزوين - رشت (مرز استان - لوشان),1398/01/09 00:00:00,1398/01/10 00:00:00,39842,39309,120,63,133,217,91.0,190.0,16196.0,0.0,39842.0,1440.0
543553,آزادراه قزوين - رشت (مرز استان - لوشان),1398/01/10 00:00:00,1398/01/11 00:00:00,31406,30908,107,45,127,219,93.0,181.0,9771.0,0.0,31406.0,1440.0
543553,آزادراه قزوين - رشت (مرز استان - لوشان),1398/01/11 00:00:00,1398/01/11 19:55:00,27552,27136,84,34,110,188,87.0,85.0,9303.0,0.0,32058.0,1195.0
543553,آزادراه قزوين - رشت (مرز استان - لوشان),1398/01/12 10:55:00,1398/01/12 16:25:00,2350,2311,6,1,15,17,83.0,3.0,632.0,0.0,14421.0,175.0
543553,آزادراه قزوين - رشت (مرز استان - لوشان),1398/01/13 08:00:00,1398/01/14 00:00:00,8988,8811,25,15,33,104,98.0,162.0,1322.0,0.0,8988.0,960.0
543553,آزادراه قزوين - رشت (مرز استان - لوشان),1398/01/14 00:00:00,1398/01/15 00:00:00,15152,14664,62,34,98,294,96.0,165.0,2615.0,0.0,17448.0,1415.0
543553,آزادراه قزوين - رشت (مرز استان - لوشان),1398/01/15 00:00:00,1398/01/16 00:00:00,13335,12686,72,30,122,425,95.0,185.0,1856.0,0.0,13335.0,1440.0
543553,آزادراه قزوين - رشت (مرز استان - لوشان),1398/01/16 00:00:00,1398/01/17 00:00:00,11920,11253,51,36,139,441,95.0,123.0,1548.0,0.0,11920.0,1440.0
543553,آزادراه قزوين - رشت (مرز استان - لوشان),1398/01/17 00:00:00,1398/01/18 00:00:00,9044,8568,50,32,92,302,92.0,106.0,782.0,0.0,9044.0,1440.0
543553,آزادراه قزوين - رشت (مرز استان - لوشان),1398/01/18 00:00:00,1398/01/19 00:00:00,8750,8352,70,18,75,235,90.0,81.0,702.0,0.0,8750.0,1440.0
543553,آزادراه قزوين - رشت (مرز استان - لوشان),1398/01/19 00:00:00,1398/01/20 00:00:00,8912,8525,66,20,85,216,93.0,143.0,761.0,0.0,8912.0,1440.0
543553,آزادراه قزوين - رشت (مرز استان - لوشان),1398/01/20 00:00:00,1398/01/21 00:00:00,10256,9909,56,25,62,204,94.0,162.0,1031.0,0.0,10256.0,1440.0
543553,آزادراه قزوين - رشت (مرز استان - لوشان),1398/01/21 00:00:00,1398/01/22 00:00:00,14338,13966,72,29,76,195,96.0,282.0,2006.0,0.0,14338.0,1440.0
543553,آزادراه قزوين - رشت (مرز استان - لوشان),1398/01/22 00:00:00,1398/01/23 00:00:00,15925,15536,83,30,61,215,96.0,271.0,2327.0,0.0,15925.0,1440.0
543553,آزادراه قزوين - رشت (مرز استان - لوشان),1398/01/23 00:00:00,1398/01/24 00:00:00,11520,11137,63,30,60,230,96.0,192.0,1304.0,0.0,11520.0,1440.0
543553,آزادراه قزوين - رشت (مرز استان - لوشان),1398/01/24 00:00:00,1398/01/25 00:00:00,9539,9179,62,21,59,218,95.0,151.0,862.0,0.0,9539.0,1440.0
543553,آزادراه قزوين - رشت (مرز استان - لوشان),1398/01/25 00:00:00,1398/01/26 00:00:00,10082,9722,81,19,61,199,95.0,208.0,915.0,0.0,10082.0,1440.0
543553,آزادراه قزوين - رشت (مرز استان - لوشان),1398/01/26 00:00:00,1398/01/27 00:00:00,10255,9909,76,24,69,177,95.0,178.0,1006.0,0.0,10255.0,1440.0
543553,آزادراه قزوين - رشت (مرز استان - لوشان),1398/01/27 00:00:00,1398/01/28 00:00:00,11954,11522,84,39,80,229,95.0,193.0,1412.0,0.0,11954.0,1440.0
543553,آزادراه قزوين - رشت (مرز استان - لوشان),1398/01/28 00:00:00,1398/01/29 00:00:00,21135,20680,119,39,78,219,97.0,246.0,4988.0,0.0,21135.0,1440.0
543553,آزادراه قزوين - رشت (مرز استان - لوشان),1398/01/29 00:00:00,1398/01/30 00:00:00,33608,33112,126,52,91,227,97.0,387.0,10386.0,0.0,33608.0,1440.0
543553,آزادراه قزوين - رشت (مرز استان - لوشان),1398/01/30 00:00:00,1398/01/31 00:00:00,19365,18903,103,39,81,239,96.0,285.0,3523.0,0.0,19365.0,1440.0
543553,آزادراه قزوين - رشت (مرز استان - لوشان),1398/01/31 00:00:00,1398/02/01 00:00:00,11875,11519,67,22,69,198,96.0,255.0,1407.0,0.0,11875.0,1440.0
543553,آزادراه قزوين - رشت (مرز استان - لوشان),1399/12/01 00:00:00,1399/12/02 00:00:00,7833,7506,59,24,79,165,95.0,165.0,637.0,0.0,7833.0,1440.0
543553,آزادراه قزوين - رشت (مرز استان - لوشان),1399/12/02 00:00:00,1399/12/03 00:00:00,7978,7641,46,35,76,180,93.0,136.0,629.0,0.0,7978.0,1440.0
543553,آزادراه قزوين - رشت (مرز استان - لوشان),1399/12/03 00:00:00,1399/12/04 00:00:00,8504,8149,76,34,105,140,89.0,71.0,671.0,0.0,8504.0,1440.0
543553,آزادراه قزوين - رشت (مرز استان - لوشان),1399/12/04 00:00:00,1399/12/05 00:00:00,9072,8743,67,35,61,166,93.0,142.0,735.0,0.0,9072.0,1440.0
543553,آزادراه قزوين - رشت (مرز استان - لوشان),1399/12/05 00:00:00,1399/12/06 00:00:00,10960,10582,102,38,90,148,94.0,225.0,1151.0,0.0,10960.0,1440.0
543553,آزادراه قزوين - رشت (مرز استان - لوشان),1399/12/06 00:00:00,1399/12/07 00:00:00,12636,12279,89,26,71,171,96.0,325.0,1563.0,0.0,12636.0,1440.0
543553,آزادراه قزوين - رشت (مرز استان - لوشان),1399/12/07 00:00:00,1399/12/08 00:00:00,9505,9177,78,24,68,158,97.0,270.0,814.0,0.0,9505.0,1440.0
543553,آزادراه قزوين - رشت (مرز استان - لوشان),1399/12/08 00:00:00,1399/12/09 00:00:00,7654,7348,54,19,61,172,96.0,136.0,652.0,0.0,7654.0,1440.0
543553,آزادراه قزوين - رشت (مرز استان - لوشان),1399/12/09 00:00:00,1399/12/10 00:00:00,8757,8418,63,35,94,147,93.0,157.0,697.0,0.0,8757.0,1440.0
543553,آزادراه قزوين - رشت (مرز استان - لوشان),1399/12/10 00:00:00,1399/12/11 00:00:00,9597,9235,88,36,86,152,93.0,152.0,809.0,0.0,9597.0,1440.0
543553,آزادراه قزوين - رشت (مرز استان - لوشان),1399/12/11 00:00:00,1399/12/12 00:00:00,9504,9143,92,37,76,156,94.0,193.0,819.0,0.0,9504.0,1440.0
543553,آزادراه قزوين - رشت (مرز استان - لوشان),1399/12/12 00:00:00,1399/12/13 00:00:00,10710,10340,79,39,95,157,95.0,232.0,1096.0,0.0,10710.0,1440.0
543553,آزادراه قزوين - رشت (مرز استان - لوشان),1399/12/13 00:00:00,1399/12/14 00:00:00,13411,13034,91,45,82,159,95.0,235.0,1686.0,0.0,13411.0,1440.0
543553,آزادراه قزوين - رشت (مرز استان - لوشان),1399/12/14 00:00:00,1399/12/15 00:00:00,13119,12737,92,34,77,179,96.0,257.0,1461.0,0.0,13119.0,1440.0
543553,آزادراه قزوين - رشت (مرز استان - لوشان),1399/12/15 00:00:00,1399/12/16 00:00:00,9524,9173,70,26,81,174,91.0,107.0,856.0,0.0,9524.0,1440.0
543553,آزادراه قزوين - رشت (مرز استان - لوشان),1399/12/16 00:00:00,1399/12/17 00:00:00,9186,8850,77,29,78,152,94.0,194.0,792.0,0.0,9186.0,1440.0
543553,آزادراه قزوين - رشت (مرز استان - لوشان),1399/12/17 00:00:00,1399/12/18 00:00:00,9340,8975,90,45,90,140,93.0,186.0,805.0,0.0,9340.0,1440.0
543553,آزادراه قزوين - رشت (مرز استان - لوشان),1399/12/18 00:00:00,1399/12/19 00:00:00,9874,9507,99,37,83,148,93.0,185.0,880.0,0.0,9874.0,1440.0
543553,آزادراه قزوين - رشت (مرز استان - لوشان),1399/12/19 00:00:00,1399/12/20 00:00:00,11636,11285,78,31,72,170,94.0,208.0,1248.0,0.0,11636.0,1440.0
543553,آزادراه قزوين - رشت (مرز استان - لوشان),1399/12/20 00:00:00,1399/12/21 00:00:00,13860,13484,85,31,68,192,96.0,305.0,1706.0,0.0,13860.0,1440.0
543553,آزادراه قزوين - رشت (مرز استان - لوشان),1399/12/21 00:00:00,1399/12/22 00:00:00,12300,11913,107,34,81,165,93.0,203.0,1353.0,0.0,12300.0,1440.0
543553,آزادراه قزوين - رشت (مرز استان - لوشان),1399/12/22 00:00:00,1399/12/23 00:00:00,7917,7584,63,29,82,159,91.0,95.0,569.0,0.0,7917.0,1440.0
543553,آزادراه قزوين - رشت (مرز استان - لوشان),1399/12/23 00:00:00,1399/12/24 00:00:00,9695,9374,63,33,83,142,92.0,125.0,1001.0,0.0,9695.0,1440.0
543553,آزادراه قزوين - رشت (مرز استان - لوشان),1399/12/24 00:00:00,1399/12/25 00:00:00,13819,13444,98,43,67,167,94.0,169.0,1834.0,0.0,13819.0,1440.0
543553,آزادراه قزوين - رشت (مرز استان - لوشان),1399/12/25 00:00:00,1399/12/26 00:00:00,14783,14370,95,53,83,182,94.0,176.0,1860.0,0.0,14783.0,1440.0
543553,آزادراه قزوين - رشت (مرز استان - لوشان),1399/12/26 00:00:00,1399/12/27 00:00:00,16819,16399,79,41,118,182,94.0,227.0,2507.0,0.0,16819.0,1440.0
543553,آزادراه قزوين - رشت (مرز استان - لوشان),1399/12/27 00:00:00,1399/12/28 00:00:00,20705,20239,111,51,115,189,95.0,262.0,3907.0,0.0,20705.0,1440.0
543553,آزادراه قزوين - رشت (مرز استان - لوشان),1399/12/28 00:00:00,1399/12/29 00:00:00,30934,30352,157,55,128,242,95.0,240.0,8646.0,0.0,30934.0,1440.0
543553,آزادراه قزوين - رشت (مرز استان - لوشان),1399/12/29 00:00:00,1399/12/30 00:00:00,38333,37667,188,73,135,270,94.0,227.0,13588.0,0.0,38333.0,1440.0
543553,آزادراه قزوين - رشت (مرز استان - لوشان),1399/12/30 00:00:00,1399/12/30 02:25:00,2230,2176,15,5,4,30,95.0,35.0,416.0,0.0,31991.0,145.0
543553,آزادراه قزوين - رشت (مرز استان - لوشان),1400/01/21 16:50:00,1400/01/22 00:00:00,2142,2047,31,7,36,21,92.0,47.0,164.0,0.0,6261.0,425.0
543553,آزادراه قزوين - رشت (مرز استان - لوشان),1400/01/22 00:00:00,1400/01/23 00:00:00,6486,6174,93,20,124,75,90.0,97.0,389.0,0.0,6486.0,1440.0
543553,آزادراه قزوين - رشت (مرز استان - لوشان),1400/01/23 00:00:00,1400/01/24 00:00:00,6440,6140,81,26,131,62,91.0,107.0,410.0,0.0,6440.0,1440.0
543553,آزادراه قزوين - رشت (مرز استان - لوشان),1400/01/24 00:00:00,1400/01/25 00:00:00,6974,6673,92,18,125,66,92.0,110.0,443.0,0.0,6974.0,1440.0
543553,آزادراه قزوين - رشت (مرز استان - لوشان),1400/01/25 00:00:00,1400/01/26 00:00:00,8172,7839,109,17,125,82,93.0,181.0,612.0,0.0,8172.0,1440.0
543553,آزادراه قزوين - رشت (مرز استان - لوشان),1400/01/26 00:00:00,1400/01/27 00:00:00,7779,7470,97,14,130,68,93.0,160.0,555.0,0.0,7779.0,1440.0
543553,آزادراه قزوين - رشت (مرز استان - لوشان),1400/01/27 00:00:00,1400/01/28 00:00:00,5326,5060,68,6,132,60,93.0,105.0,278.0,0.0,5326.0,1440.0
543553,آزادراه قزوين - رشت (مرز استان - لوشان),1400/01/28 00:00:00,1400/01/29 00:00:00,6001,5722,78,16,132,53,91.0,88.0,337.0,0.0,6001.0,1440.0
543553,آزادراه قزوين - رشت (مرز استان - لوشان),1400/01/29 00:00:00,1400/01/30 00:00:00,6325,6020,93,22,140,50,90.0,82.0,387.0,0.0,6325.0,1440.0
543553,آزادراه قزوين - رشت (مرز استان - لوشان),1400/01/30 00:00:00,1400/01/31 00:00:00,6419,6170,68,23,115,43,91.0,107.0,392.0,0.0,6419.0,1440.0
543553,آزادراه قزوين - رشت (مرز استان - لوشان),1400/01/31 00:00:00,1400/02/01 00:00:00,7143,6870,94,15,99,65,92.0,137.0,483.0,0.0,7143.0,1440.0
543553,آزادراه قزوين - رشت (مرز استان - لوشان),1398/12/01 12:15:00,1398/12/01 16:10:00,2940,2878,15,5,9,33,91.0,10.0,410.0,0.0,11115.0,235.0
543553,آزادراه قزوين - رشت (مرز استان - لوشان),1398/12/02 08:45:00,1398/12/02 18:00:00,5934,5803,16,6,26,83,98.0,59.0,857.0,0.0,9559.0,550.0
543553,آزادراه قزوين - رشت (مرز استان - لوشان),1398/12/03 07:30:00,1398/12/03 18:05:00,5631,5480,21,11,37,82,95.0,37.0,652.0,0.0,8347.0,635.0
543553,آزادراه قزوين - رشت (مرز استان - لوشان),1398/12/04 08:15:00,1398/12/04 18:00:00,5613,5451,29,9,41,83,95.0,50.0,624.0,0.0,10169.0,585.0
543553,آزادراه قزوين - رشت (مرز استان - لوشان),1398/12/05 07:40:00,1398/12/05 17:10:00,5150,5032,13,8,33,64,95.0,57.0,548.0,0.0,9984.0,570.0
543553,آزادراه قزوين - رشت (مرز استان - لوشان),1398/12/06 09:40:00,1398/12/06 14:30:00,754,729,0,1,9,15,95.0,8.0,76.0,0.0,9526.0,115.0
543553,آزادراه قزوين - رشت (مرز استان - لوشان),1398/12/07 10:50:00,1398/12/07 17:30:00,2867,2790,17,3,23,34,91.0,12.0,319.0,0.0,12556.0,400.0
543553,آزادراه قزوين - رشت (مرز استان - لوشان),1398/12/08 07:10:00,1398/12/08 18:10:00,6363,6260,18,5,23,57,97.0,85.0,731.0,0.0,13274.0,660.0
543553,آزادراه قزوين - رشت (مرز استان - لوشان),1398/12/09 07:10:00,1398/12/09 17:45:00,4275,4200,14,4,18,39,96.0,60.0,409.0,0.0,6213.0,635.0
543553,آزادراه قزوين - رشت (مرز استان - لوشان),1398/12/10 07:15:00,1398/12/10 18:00:00,3687,3607,12,9,26,33,93.0,39.0,238.0,0.0,6400.0,645.0
543553,آزادراه قزوين - رشت (مرز استان - لوشان),1398/12/11 07:30:00,1398/12/11 17:40:00,3215,3146,15,11,16,27,93.0,26.0,221.0,0.0,7433.0,610.0
543553,آزادراه قزوين - رشت (مرز استان - لوشان),1398/12/12 07:45:00,1398/12/12 17:35:00,2673,2628,7,5,13,20,92.0,19.0,186.0,0.0,7112.0,585.0
543553,آزادراه قزوين - رشت (مرز استان - لوشان),1398/12/13 10:25:00,1398/12/13 16:55:00,2196,2157,10,2,7,20,93.0,24.0,160.0,0.0,6959.0,390.0
543553,آزادراه قزوين - رشت (مرز استان - لوشان),1398/12/14 07:10:00,1398/12/14 18:10:00,4003,3945,14,6,17,21,95.0,38.0,328.0,0.0,10920.0,660.0
543553,آزادراه قزوين - رشت (مرز استان - لوشان),1398/12/15 07:00:00,1398/12/15 18:10:00,4540,4485,14,7,14,20,96.0,52.0,411.0,0.0,13072.0,670.0
543553,آزادراه قزوين - رشت (مرز استان - لوشان),1398/12/16 07:05:00,1398/12/16 18:10:00,2233,2186,6,3,14,24,96.0,37.0,139.0,0.0,9329.0,665.0
543553,آزادراه قزوين - رشت (مرز استان - لوشان),1398/12/17 09:00:00,1398/12/17 17:30:00,1070,1027,8,7,8,20,91.0,20.0,41.0,0.0,8343.0,510.0
543553,آزادراه قزوين - رشت (مرز استان - لوشان),1398/12/18 08:05:00,1398/12/18 18:10:00,1543,1493,7,11,12,20,93.0,28.0,67.0,0.0,8222.0,605.0
543553,آزادراه قزوين - رشت (مرز استان - لوشان),1398/12/19 07:05:00,1398/12/19 18:10:00,1964,1924,10,6,3,21,92.0,19.0,87.0,0.0,10715.0,665.0
543553,آزادراه قزوين - رشت (مرز استان - لوشان),1398/12/20 07:00:00,1398/12/20 18:05:00,2047,1993,13,8,11,22,93.0,26.0,72.0,0.0,21611.0,665.0
543553,آزادراه قزوين - رشت (مرز استان - لوشان),1398/12/21 07:00:00,1398/12/21 17:50:00,2180,2133,11,7,11,18,92.0,41.0,116.0,0.0,20022.0,650.0
543553,آزادراه قزوين - رشت (مرز استان - لوشان),1398/12/22 07:00:00,1398/12/22 18:00:00,2288,2237,14,9,8,20,93.0,33.0,134.0,0.0,20201.0,660.0
543553,آزادراه قزوين - رشت (مرز استان - لوشان),1398/12/23 07:05:00,1398/12/23 17:25:00,1819,1780,10,4,7,18,96.0,39.0,110.0,0.0,20422.0,620.0
543553,آزادراه قزوين - رشت (مرز استان - لوشان),1398/12/24 07:50:00,1398/12/24 16:20:00,1677,1634,9,3,11,20,94.0,20.0,87.0,0.0,21068.0,455.0
543553,آزادراه قزوين - رشت (مرز استان - لوشان),1398/12/25 07:15:00,1398/12/25 17:55:00,2684,2627,15,9,13,20,92.0,30.0,166.0,0.0,16976.0,640.0
543553,آزادراه قزوين - رشت (مرز استان - لوشان),1398/12/26 07:45:00,1398/12/26 18:00:00,3092,3010,27,12,16,27,93.0,36.0,256.0,0.0,6508.0,615.0
543553,آزادراه قزوين - رشت (مرز استان - لوشان),1398/12/27 08:40:00,1398/12/27 17:05:00,2292,2248,6,2,13,23,96.0,38.0,176.0,0.0,6121.0,440.0
543553,آزادراه قزوين - رشت (مرز استان - لوشان),1398/12/28 07:50:00,1398/12/29 00:00:00,6326,6199,41,9,20,57,91.0,52.0,531.0,0.0,9945.0,930.0
543553,آزادراه قزوين - رشت (مرز استان - لوشان),1398/12/29 00:00:00,1399/01/01 00:00:00,9174,8969,57,24,39,85,94.0,166.0,755.0,0.0,9174.0,1440.0
543553,آزادراه قزوين - رشت (مرز استان - لوشان),1399/01/01 00:00:00,1399/01/02 00:00:00,7227,7116,33,9,21,48,96.0,158.0,542.0,0.0,7227.0,1440.0
543553,آزادراه قزوين - رشت (مرز استان - لوشان),1399/01/02 00:00:00,1399/01/03 00:00:00,6609,6491,48,7,27,36,95.0,137.0,500.0,0.0,7047.0,1380.0
543553,آزادراه قزوين - رشت (مرز استان - لوشان),1399/01/03 00:00:00,1399/01/04 00:00:00,6108,5971,47,22,23,45,92.0,95.0,369.0,0.0,6108.0,1440.0
543553,آزادراه قزوين - رشت (مرز استان - لوشان),1399/01/04 00:00:00,1399/01/05 00:00:00,5425,5307,46,12,14,46,94.0,102.0,323.0,0.0,5425.0,1440.0
543553,آزادراه قزوين - رشت (مرز استان - لوشان),1399/01/05 00:00:00,1399/01/06 00:00:00,6101,5963,43,17,24,54,95.0,107.0,355.0,0.0,6101.0,1440.0
543553,آزادراه قزوين - رشت (مرز استان - لوشان),1399/01/06 00:00:00,1399/01/07 00:00:00,7376,7228,50,21,23,54,96.0,156.0,562.0,0.0,7376.0,1440.0
543553,آزادراه قزوين - رشت (مرز استان - لوشان),1399/01/07 00:00:00,1399/01/08 00:00:00,6300,6143,35,29,24,69,96.0,190.0,357.0,0.0,6300.0,1440.0
543553,آزادراه قزوين - رشت (مرز استان - لوشان),1399/01/08 00:00:00,1399/01/09 00:00:00,3200,3054,31,20,28,67,93.0,85.0,124.0,0.0,3200.0,1440.0
543553,آزادراه قزوين - رشت (مرز استان - لوشان),1399/01/09 00:00:00,1399/01/10 00:00:00,2640,2452,51,26,48,63,89.0,56.0,84.0,0.0,2640.0,1440.0
543553,آزادراه قزوين - رشت (مرز استان - لوشان),1399/01/10 00:00:00,1399/01/11 00:00:00,2473,2298,74,28,26,47,87.0,40.0,56.0,0.0,2473.0,1440.0
543553,آزادراه قزوين - رشت (مرز استان - لوشان),1399/01/11 00:00:00,1399/01/12 00:00:00,2494,2337,71,18,23,45,87.0,30.0,70.0,0.0,2494.0,1440.0
543553,آزادراه قزوين - رشت (مرز استان - لوشان),1399/01/12 00:00:00,1399/01/13 00:00:00,2111,1949,49,29,25,59,90.0,54.0,68.0,0.0,2111.0,1440.0
543553,آزادراه قزوين - رشت (مرز استان - لوشان),1399/01/13 00:00:00,1399/01/14 00:00:00,1056,987,20,11,9,29,93.0,27.0,19.0,0.0,1056.0,1440.0
543553,آزادراه قزوين - رشت (مرز استان - لوشان),1399/01/14 00:00:00,1399/01/15 00:00:00,2072,1927,31,23,22,69,92.0,46.0,58.0,0.0,2072.0,1440.0
543553,آزادراه قزوين - رشت (مرز استان - لوشان),1399/01/15 00:00:00,1399/01/16 00:00:00,2478,2272,34,21,50,101,92.0,44.0,74.0,0.0,2478.0,1440.0
543553,آزادراه قزوين - رشت (مرز استان - لوشان),1399/01/16 00:00:00,1399/01/17 00:00:00,3490,3249,64,32,44,101,87.0,51.0,125.0,0.0,3490.0,1440.0
543553,آزادراه قزوين - رشت (مرز استان - لوشان),1399/01/17 00:00:00,1399/01/18 00:00:00,3597,3392,58,29,37,81,90.0,59.0,166.0,0.0,3597.0,1440.0
543553,آزادراه قزوين - رشت (مرز استان - لوشان),1399/01/18 00:00:00,1399/01/19 00:00:00,3730,3508,59,33,46,84,89.0,46.0,139.0,0.0,3730.0,1440.0
543553,آزادراه قزوين - رشت (مرز استان - لوشان),1399/01/19 00:00:00,1399/01/20 00:00:00,3445,3245,63,27,38,72,85.0,32.0,111.0,0.0,3445.0,1440.0
543553,آزادراه قزوين - رشت (مرز استان - لوشان),1399/01/20 00:00:00,1399/01/21 00:00:00,4124,3897,67,24,54,82,92.0,93.0,199.0,0.0,4124.0,1440.0
543553,آزادراه قزوين - رشت (مرز استان - لوشان),1399/01/21 00:00:00,1399/01/22 00:00:00,3285,3123,25,20,40,77,91.0,65.0,131.0,0.0,3285.0,1440.0
543553,آزادراه قزوين - رشت (مرز استان - لوشان),1399/01/22 00:00:00,1399/01/23 00:00:00,2826,2658,29,16,42,81,87.0,27.0,107.0,0.0,2826.0,1440.0
543553,آزادراه قزوين - رشت (مرز استان - لوشان),1399/01/23 00:00:00,1399/01/24 00:00:00,4383,4135,70,40,44,94,86.0,49.0,192.0,0.0,4383.0,1440.0
543553,آزادراه قزوين - رشت (مرز استان - لوشان),1399/01/24 00:00:00,1399/01/25 00:00:00,4583,4347,66,32,47,91,89.0,59.0,195.0,0.0,4583.0,1440.0
543553,آزادراه قزوين - رشت (مرز استان - لوشان),1399/01/25 00:00:00,1399/01/26 00:00:00,4622,4399,66,32,40,85,90.0,69.0,241.0,0.0,4622.0,1440.0
543553,آزادراه قزوين - رشت (مرز استان - لوشان),1399/01/26 00:00:00,1399/01/27 00:00:00,5113,4870,68,41,43,91,91.0,70.0,264.0,0.0,5113.0,1440.0
543553,آزادراه قزوين - رشت (مرز استان - لوشان),1399/01/27 00:00:00,1399/01/28 00:00:00,3211,3063,54,19,35,40,92.0,56.0,153.0,0.0,3211.0,1440.0
543553,آزادراه قزوين - رشت (مرز استان - لوشان),1399/01/28 00:00:00,1399/01/29 00:00:00,1198,1153,6,3,30,6,99.0,22.0,75.0,0.0,1299.0,1440.0
543553,آزادراه قزوين - رشت (مرز استان - لوشان),1399/01/29 00:00:00,1399/01/30 00:00:00,3064,2937,24,12,38,53,93.0,44.0,169.0,0.0,3186.0,1440.0
543553,آزادراه قزوين - رشت (مرز استان - لوشان),1399/01/30 00:00:00,1399/01/31 00:00:00,5832,5602,52,25,55,98,91.0,69.0,366.0,0.0,5832.0,1440.0
543553,آزادراه قزوين - رشت (مرز استان - لوشان),1399/01/31 00:00:00,1399/02/01 00:00:00,7360,7116,66,31,51,96,92.0,85.0,571.0,0.0,7360.0,1440.0
543553,آزادراه قزوين - رشت (مرز استان - لوشان),1401/01/01 00:00:00,1401/01/02 00:00:00,54517,54145,142,69,149,12,87.0,219.0,9140.0,0.0,54814.0,1435.0
543553,آزادراه قزوين - رشت (مرز استان - لوشان),1401/01/02 01:05:00,1401/01/03 00:00:00,48606,48264,112,88,140,2,84.0,223.0,7006.0,0.0,49392.0,1330.0
543553,آزادراه قزوين - رشت (مرز استان - لوشان),1401/01/03 00:00:00,1401/01/04 00:00:00,40747,40371,123,93,150,10,92.0,245.0,5962.0,0.0,42255.0,1400.0
543553,آزادراه قزوين - رشت (مرز استان - لوشان),1401/01/04 00:00:00,1401/01/05 00:00:00,35444,35108,117,75,140,4,92.0,257.0,4270.0,0.0,36973.0,1385.0
543553,آزادراه قزوين - رشت (مرز استان - لوشان),1401/01/05 00:00:00,1401/01/06 00:00:00,37877,37516,135,82,139,5,93.0,267.0,5464.0,0.0,41129.0,1350.0
543553,آزادراه قزوين - رشت (مرز استان - لوشان),1401/01/06 00:00:00,1401/01/07 00:00:00,43544,43161,134,84,155,10,92.0,280.0,6397.0,0.0,43736.0,1425.0
543553,آزادراه قزوين - رشت (مرز استان - لوشان),1401/01/07 00:00:00,1401/01/08 00:00:00,43221,42733,245,74,165,4,93.0,590.0,6461.0,0.0,44992.0,1400.0
543553,آزادراه قزوين - رشت (مرز استان - لوشان),1401/01/08 00:00:00,1401/01/09 00:00:00,38500,38023,274,74,120,9,95.0,931.0,5261.0,0.0,42355.0,1340.0
543553,آزادراه قزوين - رشت (مرز استان - لوشان),1401/01/09 00:00:00,1401/01/10 00:00:00,34576,33986,363,71,148,8,95.0,1017.0,3843.0,0.0,35152.0,1395.0
543553,آزادراه قزوين - رشت (مرز استان - لوشان),1401/01/10 00:00:00,1401/01/11 00:00:00,31162,30554,355,91,154,8,95.0,919.0,2839.0,0.0,31162.0,1440.0
543553,آزادراه قزوين - رشت (مرز استان - لوشان),1401/01/11 00:00:00,1401/01/12 00:00:00,23206,22778,199,75,136,18,96.0,828.0,1620.0,0.0,26532.0,1315.0
543553,آزادراه قزوين - رشت (مرز استان - لوشان),1401/01/12 00:00:00,1401/01/13 00:00:00,18105,17682,153,104,157,9,96.0,591.0,734.0,0.0,18105.0,1440.0
543553,آزادراه قزوين - رشت (مرز استان - لوشان),1401/01/13 00:00:00,1401/01/14 00:00:00,8603,8379,63,68,86,7,95.0,240.0,161.0,0.0,8881.0,1395.0
543553,آزادراه قزوين - رشت (مرز استان - لوشان),1401/01/14 00:00:00,1401/01/15 00:00:00,10582,10217,129,88,137,11,96.0,335.0,282.0,0.0,11272.0,1385.0
543553,آزادراه قزوين - رشت (مرز استان - لوشان),1401/01/15 00:00:00,1401/01/16 00:00:00,11830,11402,182,98,131,17,95.0,496.0,284.0,0.0,12322.0,1395.0
543553,آزادراه قزوين - رشت (مرز استان - لوشان),1401/01/16 00:00:00,1401/01/17 00:00:00,12068,11663,189,85,114,17,97.0,498.0,321.0,0.0,12068.0,1440.0
543553,آزادراه قزوين - رشت (مرز استان - لوشان),1401/01/17 00:00:00,1401/01/18 00:00:00,15225,14939,91,70,109,16,96.0,383.0,511.0,0.0,15225.0,1440.0
543553,آزادراه قزوين - رشت (مرز استان - لوشان),1401/01/18 00:00:00,1401/01/19 00:00:00,15739,15452,96,54,119,18,97.0,481.0,495.0,0.0,15770.0,1435.0
543553,آزادراه قزوين - رشت (مرز استان - لوشان),1401/01/19 00:00:00,1401/01/20 00:00:00,11737,11361,180,80,102,14,97.0,631.0,288.0,0.0,12236.0,1400.0
543553,آزادراه قزوين - رشت (مرز استان - لوشان),1401/01/20 00:00:00,1401/01/21 00:00:00,10317,10063,79,51,110,14,94.0,222.0,173.0,0.0,10317.0,1440.0
543553,آزادراه قزوين - رشت (مرز استان - لوشان),1401/01/21 00:00:00,1401/01/22 00:00:00,9618,9392,74,52,95,5,94.0,257.0,208.0,0.0,10412.0,1355.0
543553,آزادراه قزوين - رشت (مرز استان - لوشان),1401/01/22 00:00:00,1401/01/23 00:00:00,10514,10227,134,57,87,9,96.0,420.0,225.0,0.0,10730.0,1400.0
543553,آزادراه قزوين - رشت (مرز استان - لوشان),1401/01/23 00:00:00,1401/01/24 00:00:00,12107,11819,119,71,83,15,96.0,452.0,287.0,0.0,12107.0,1440.0
543553,آزادراه قزوين - رشت (مرز استان - لوشان),1401/01/24 00:00:00,1401/01/25 00:00:00,18011,17662,178,62,97,12,99.0,850.0,850.0,0.0,18011.0,1440.0
543553,آزادراه قزوين - رشت (مرز استان - لوشان),1401/01/25 00:00:00,1401/01/26 00:00:00,19234,18841,214,52,102,25,99.0,769.0,786.0,0.0,19234.0,1440.0
543553,آزادراه قزوين - رشت (مرز استان - لوشان),1401/01/26 00:00:00,1401/01/27 00:00:00,12904,12564,139,55,131,15,98.0,454.0,324.0,0.0,13343.0,1385.0
543553,آزادراه قزوين - رشت (مرز استان - لوشان),1401/01/27 00:00:00,1401/01/28 00:00:00,10465,10235,77,58,84,11,94.0,276.0,230.0,0.0,10465.0,1440.0
543553,آزادراه قزوين - رشت (مرز استان - لوشان),1401/01/28 00:00:00,1401/01/29 00:00:00,10466,10205,108,56,92,5,94.0,260.0,235.0,0.0,10751.0,1400.0
543553,آزادراه قزوين - رشت (مرز استان - لوشان),1401/01/29 00:00:00,1401/01/30 00:00:00,10587,10298,129,57,95,8,95.0,342.0,204.0,0.0,10587.0,1440.0
543553,آزادراه قزوين - رشت (مرز استان - لوشان),1401/01/30 00:00:00,1401/01/31 00:00:00,12260,12008,90,63,88,11,95.0,353.0,306.0,0.0,12260.0,1440.0
543553,آزادراه قزوين - رشت (مرز استان - لوشان),1401/01/31 00:00:00,1401/02/01 00:00:00,23492,22660,659,56,90,27,96.0,1545.0,2221.0,0.0,24674.0,1400.0
543553,آزادراه قزوين - رشت (مرز استان - لوشان),1400/12/01 00:00:00,1400/12/02 00:00:00,10211,9903,97,37,131,43,92.0,597.0,226.0,0.0,10307.0,1430.0
543553,آزادراه قزوين - رشت (مرز استان - لوشان),1400/12/02 00:00:00,1400/12/03 00:00:00,11811,11378,239,23,130,41,103.0,1528.0,468.0,0.0,12358.0,1365.0
543553,آزادراه قزوين - رشت (مرز استان - لوشان),1400/12/03 00:00:00,1400/12/04 00:00:00,13913,13482,242,20,132,37,102.0,1543.0,691.0,0.0,14312.0,1410.0
543553,آزادراه قزوين - رشت (مرز استان - لوشان),1400/12/04 00:00:00,1400/12/05 00:00:00,18322,17740,371,28,146,37,104.0,2523.0,1244.0,0.0,18322.0,1440.0
543553,آزادراه قزوين - رشت (مرز استان - لوشان),1400/12/05 00:00:00,1400/12/06 00:00:00,19692,19103,365,36,148,40,104.0,2747.0,1420.0,0.0,20448.0,1400.0
543553,آزادراه قزوين - رشت (مرز استان - لوشان),1400/12/06 00:00:00,1400/12/07 00:00:00,14301,13775,307,28,156,35,103.0,1695.0,767.0,0.0,14655.0,1400.0
543553,آزادراه قزوين - رشت (مرز استان - لوشان),1400/12/07 00:00:00,1400/12/08 00:00:00,11936,11511,214,32,144,35,98.0,970.0,473.0,0.0,11936.0,1440.0
543553,آزادراه قزوين - رشت (مرز استان - لوشان),1400/12/08 00:00:00,1400/12/09 00:00:00,10800,10421,206,21,124,28,101.0,1273.0,427.0,0.0,13168.0,1260.0
543553,آزادراه قزوين - رشت (مرز استان - لوشان),1400/12/09 00:00:00,1400/12/10 00:00:00,16365,15795,383,25,129,33,105.0,2531.0,1069.0,0.0,17799.0,1345.0
543553,آزادراه قزوين - رشت (مرز استان - لوشان),1400/12/10 00:00:00,1400/12/11 00:00:00,22911,22159,534,31,165,22,105.0,3665.0,2135.0,0.0,22911.0,1440.0
543553,آزادراه قزوين - رشت (مرز استان - لوشان),1400/12/11 00:00:00,1400/12/12 00:00:00,16518,15950,374,23,129,42,103.0,2035.0,1067.0,0.0,16602.0,1415.0
543553,آزادراه قزوين - رشت (مرز استان - لوشان),1400/12/12 00:00:00,1400/12/13 00:00:00,19248,18707,343,28,136,34,104.0,2596.0,1205.0,0.0,19248.0,1440.0
543553,آزادراه قزوين - رشت (مرز استان - لوشان),1400/12/13 00:00:00,1400/12/14 00:00:00,14628,14096,316,26,150,40,101.0,1670.0,777.0,0.0,14693.0,1435.0
543553,آزادراه قزوين - رشت (مرز استان - لوشان),1400/12/14 00:00:00,1400/12/15 00:00:00,12186,11654,319,24,142,47,101.0,1363.0,513.0,0.0,12186.0,1440.0
543553,آزادراه قزوين - رشت (مرز استان - لوشان),1400/12/15 00:00:00,1400/12/16 00:00:00,12192,11644,339,24,150,35,100.0,1322.0,507.0,0.0,12248.0,1435.0
543553,آزادراه قزوين - رشت (مرز استان - لوشان),1400/12/16 00:00:00,1400/12/17 00:00:00,11191,10724,257,30,120,60,100.0,1144.0,411.0,0.0,11289.0,1430.0
543553,آزادراه قزوين - رشت (مرز استان - لوشان),1400/12/17 00:00:00,1400/12/18 00:00:00,12879,12439,254,12,146,28,101.0,1325.0,573.0,0.0,13356.0,1400.0
543553,آزادراه قزوين - رشت (مرز استان - لوشان),1400/12/18 00:00:00,1400/12/19 00:00:00,16683,16064,408,38,141,32,99.0,1546.0,901.0,0.0,16920.0,1425.0
543553,آزادراه قزوين - رشت (مرز استان - لوشان),1400/12/19 00:00:00,1400/12/20 00:00:00,18909,18298,410,34,125,42,100.0,1843.0,1243.0,0.0,19165.0,1395.0
543553,آزادراه قزوين - رشت (مرز استان - لوشان),1400/12/20 00:00:00,1400/12/21 00:00:00,14681,14241,209,31,155,45,99.0,1195.0,706.0,0.0,14681.0,1440.0
543553,آزادراه قزوين - رشت (مرز استان - لوشان),1400/12/21 00:00:00,1400/12/22 00:00:00,13096,12675,218,20,148,35,101.0,1389.0,564.0,0.0,13187.0,1425.0
543553,آزادراه قزوين - رشت (مرز استان - لوشان),1400/12/22 00:00:00,1400/12/23 00:00:00,16574,15957,397,37,136,47,99.0,1568.0,1069.0,0.0,17293.0,1400.0
543553,آزادراه قزوين - رشت (مرز استان - لوشان),1400/12/23 00:00:00,1400/12/23 23:50:00,19750,19087,436,32,150,45,100.0,1626.0,1419.0,0.0,20383.0,1380.0
543553,آزادراه قزوين - رشت (مرز استان - لوشان),1400/12/24 00:35:00,1400/12/25 00:00:00,19426,18739,482,24,139,42,102.0,2075.0,1624.0,0.0,22418.0,1295.0
543553,آزادراه قزوين - رشت (مرز استان - لوشان),1400/12/25 00:00:00,1400/12/26 00:00:00,26900,25972,699,36,159,34,101.0,2546.0,2864.0,0.0,26900.0,1440.0
543553,آزادراه قزوين - رشت (مرز استان - لوشان),1400/12/26 00:00:00,1400/12/27 00:00:00,36522,34548,1685,89,161,39,97.0,2382.0,5441.0,0.0,37935.0,1395.0
543553,آزادراه قزوين - رشت (مرز استان - لوشان),1400/12/27 00:00:00,1400/12/28 00:00:00,44456,44041,153,97,161,4,95.0,546.0,6600.0,0.0,46144.0,1400.0
543553,آزادراه قزوين - رشت (مرز استان - لوشان),1400/12/28 00:00:00,1400/12/29 00:00:00,42675,42311,118,86,149,11,95.0,478.0,5573.0,0.0,44825.0,1385.0
543553,آزادراه قزوين - رشت (مرز استان - لوشان),1400/12/29 00:00:00,1401/01/01 00:00:00,46345,45965,139,88,150,3,94.0,630.0,7431.0,0.0,48083.0,1390.0
543553,آزادراه قزوين - رشت (مرز استان - لوشان),1402/01/14 19:30:00,1402/01/15 00:00:00,1582,1507,39,14,15,7,96.0,152.0,74.0,0.0,12971.0,185.0
543553,آزادراه قزوين - رشت (مرز استان - لوشان),1402/01/15 00:00:00,1402/01/16 00:00:00,13298,12525,458,54,178,83,96.0,884.0,832.0,0.0,13875.0,1390.0
543553,آزادراه قزوين - رشت (مرز استان - لوشان),1402/01/16 00:00:00,1402/01/17 00:00:00,8490,7894,345,33,87,131,98.0,578.0,686.0,0.0,11108.0,1265.0
543553,آزادراه قزوين - رشت (مرز استان - لوشان),1402/01/17 00:00:00,1402/01/18 00:00:00,8141,6767,678,95,90,511,101.0,890.0,885.0,0.0,14359.0,1385.0
543553,آزادراه قزوين - رشت (مرز استان - لوشان),1402/01/18 00:00:00,1402/01/19 00:00:00,7454,5771,968,107,113,495,98.0,774.0,633.0,0.0,14208.0,1125.0
543553,آزادراه قزوين - رشت (مرز استان - لوشان),1402/01/19 00:00:00,1402/01/20 00:00:00,6805,5041,667,110,98,889,97.0,596.0,561.0,0.0,8049.0,1415.0
543553,آزادراه قزوين - رشت (مرز استان - لوشان),1402/01/20 00:00:00,1402/01/21 00:00:00,6873,5493,715,122,114,429,94.0,540.0,499.0,0.0,9108.0,1080.0
543553,آزادراه قزوين - رشت (مرز استان - لوشان),1402/01/21 00:15:00,1402/01/21 23:40:00,8374,6533,1157,128,107,449,97.0,791.0,598.0,0.0,10738.0,1245.0
543553,آزادراه قزوين - رشت (مرز استان - لوشان),1402/01/22 00:20:00,1402/01/23 00:00:00,17580,14951,1751,178,167,533,99.0,2042.0,2911.0,0.0,19697.0,1310.0
543553,آزادراه قزوين - رشت (مرز استان - لوشان),1402/01/23 00:00:00,1402/01/24 00:00:00,15537,13498,986,137,91,825,101.0,2293.0,3092.0,0.0,15903.0,1390.0
543553,آزادراه قزوين - رشت (مرز استان - لوشان),1402/01/24 00:00:00,1402/01/25 00:00:00,9823,7421,1386,146,138,732,100.0,1376.0,770.0,0.0,9823.0,1440.0
543553,آزادراه قزوين - رشت (مرز استان - لوشان),1402/01/25 00:00:00,1402/01/26 00:00:00,8957,7388,857,110,108,494,95.0,694.0,750.0,0.0,11072.0,1295.0
543553,آزادراه قزوين - رشت (مرز استان - لوشان),1402/01/26 00:00:00,1402/01/27 00:00:00,8731,6685,837,132,150,927,95.0,651.0,851.0,0.0,9074.0,1395.0
543553,آزادراه قزوين - رشت (مرز استان - لوشان),1402/01/27 00:00:00,1402/01/28 00:00:00,9731,8111,938,84,131,467,94.0,729.0,717.0,0.0,9731.0,1440.0
543553,آزادراه قزوين - رشت (مرز استان - لوشان),1402/01/28 00:00:00,1402/01/29 00:00:00,10342,8178,1566,138,114,346,97.0,1027.0,721.0,0.0,10342.0,1440.0
543553,آزادراه قزوين - رشت (مرز استان - لوشان),1402/01/29 00:00:00,1402/01/30 00:00:00,12429,10544,1383,123,110,269,97.0,1148.0,1060.0,0.0,16466.0,1245.0
543553,آزادراه قزوين - رشت (مرز استان - لوشان),1402/01/30 00:00:00,1402/01/30 23:55:00,24957,22130,1912,179,185,551,97.0,1672.0,6355.0,0.0,32203.0,1255.0
543553,آزادراه قزوين - رشت (مرز استان - لوشان),1402/01/31 00:25:00,1402/02/01 00:00:00,45872,40062,4121,362,223,1104,93.0,2300.0,17401.0,0.0,55410.0,1210.0
